Record Date,Debt Held by the Public,Intragovernmental Holdings,Total Public Debt Outstanding,Source Line Number,Fiscal Year,Fiscal Quarter Number,Calendar Year,Calendar Quarter Number,Calendar Month Number,Calendar Day Number
3/3/23,2.46566E+13,6.80359E+12,3.14602E+13,1,2023,2,2023,1,3,3
3/2/23,2.46384E+13,6.82227E+12,3.14607E+13,1,2023,2,2023,1,3,2
3/1/23,2.46511E+13,6.80796E+12,3.14591E+13,1,2023,2,2023,1,3,1
2/28/23,2.46092E+13,6.85005E+12,3.14593E+13,1,2023,2,2023,1,2,28
2/27/23,2.46139E+13,6.84248E+12,3.14564E+13,1,2023,2,2023,1,2,27
2/24/23,2.46147E+13,6.84311E+12,3.14579E+13,1,2023,2,2023,1,2,24
2/23/23,2.46221E+13,6.83628E+12,3.14583E+13,1,2023,2,2023,1,2,23
2/22/23,2.46173E+13,6.83757E+12,3.14549E+13,1,2023,2,2023,1,2,22
2/21/23,2.4617E+13,6.83837E+12,3.14554E+13,1,2023,2,2023,1,2,21
2/17/23,2.46228E+13,6.83325E+12,3.14561E+13,1,2023,2,2023,1,2,17
2/16/23,2.46291E+13,6.8275E+12,3.14566E+13,1,2023,2,2023,1,2,16
2/15/23,2.46327E+13,6.82218E+12,3.14549E+13,1,2023,2,2023,1,2,15
2/14/23,2.46208E+13,6.83429E+12,3.14551E+13,1,2023,2,2023,1,2,14
2/13/23,2.46284E+13,6.82595E+12,3.14543E+13,1,2023,2,2023,1,2,13
2/10/23,2.4632E+13,6.82377E+12,3.14557E+13,1,2023,2,2023,1,2,10
2/9/23,2.46327E+13,6.82351E+12,3.14562E+13,1,2023,2,2023,1,2,9
2/8/23,2.4634E+13,6.82067E+12,3.14546E+13,1,2023,2,2023,1,2,8
2/7/23,2.46158E+13,6.83935E+12,3.14551E+13,1,2023,2,2023,1,2,7
2/6/23,2.46257E+13,6.82864E+12,3.14543E+13,1,2023,2,2023,1,2,6
2/3/23,2.46325E+13,6.82316E+12,3.14557E+13,1,2023,2,2023,1,2,3
2/2/23,2.46141E+13,6.84205E+12,3.14562E+13,1,2023,2,2023,1,2,2
2/1/23,2.46279E+13,6.82666E+12,3.14545E+13,1,2023,2,2023,1,2,1
1/31/23,2.4584E+13,6.87099E+12,3.1455E+13,1,2023,2,2023,1,1,31
1/30/23,2.45915E+13,6.86445E+12,3.14559E+13,1,2023,2,2023,1,1,30
1/27/23,2.45945E+13,6.86274E+12,3.14572E+13,1,2023,2,2023,1,1,27
1/26/23,2.45954E+13,6.86233E+12,3.14577E+13,1,2023,2,2023,1,1,26
1/25/23,2.46017E+13,6.85268E+12,3.14544E+13,1,2023,2,2023,1,1,25
1/24/23,2.4588E+13,6.86682E+12,3.14548E+13,1,2023,2,2023,1,1,24
1/23/23,2.45971E+13,6.85663E+12,3.14537E+13,1,2023,2,2023,1,1,23
1/20/23,2.45977E+13,6.85727E+12,3.1455E+13,1,2023,2,2023,1,1,20
1/19/23,2.45977E+13,6.85768E+12,3.14554E+13,1,2023,2,2023,1,1,19
1/18/23,2.45293E+13,6.8851E+12,3.14144E+13,1,2023,2,2023,1,1,18
1/17/23,2.45291E+13,6.88737E+12,3.14164E+13,1,2023,2,2023,1,1,17
1/13/23,2.4509E+13,6.87544E+12,3.13845E+13,1,2023,2,2023,1,1,13
1/12/23,2.4509E+13,6.87522E+12,3.13842E+13,1,2023,2,2023,1,1,12
1/11/23,2.45039E+13,6.87121E+12,3.13751E+13,1,2023,2,2023,1,1,11
1/10/23,2.45038E+13,6.89132E+12,3.13951E+13,1,2023,2,2023,1,1,10
1/9/23,2.45105E+13,6.87839E+12,3.13889E+13,1,2023,2,2023,1,1,9
1/6/23,2.45107E+13,6.87475E+12,3.13854E+13,1,2023,2,2023,1,1,6
1/5/23,2.45103E+13,6.87001E+12,3.13803E+13,1,2023,2,2023,1,1,5
1/4/23,2.45078E+13,6.86774E+12,3.13755E+13,1,2023,2,2023,1,1,4
1/3/23,2.45076E+13,6.84363E+12,3.13512E+13,1,2023,2,2023,1,1,3
12/30/22,2.45176E+13,6.9021E+12,3.14197E+13,1,2023,1,2022,4,12,30
12/29/22,2.44762E+13,6.85012E+12,3.13263E+13,1,2023,1,2022,4,12,29
12/28/22,2.4475E+13,6.84944E+12,3.13244E+13,1,2023,1,2022,4,12,28
12/27/22,2.44739E+13,6.86212E+12,3.1336E+13,1,2023,1,2022,4,12,27
12/23/22,2.44902E+13,6.8558E+12,3.1346E+13,1,2023,1,2022,4,12,23
12/22/22,2.44898E+13,6.83767E+12,3.13275E+13,1,2023,1,2022,4,12,22
12/21/22,2.44868E+13,6.83277E+12,3.13195E+13,1,2023,1,2022,4,12,21
12/20/22,2.44861E+13,6.85067E+12,3.13367E+13,1,2023,1,2022,4,12,20
12/19/22,2.45133E+13,6.84197E+12,3.13553E+13,1,2023,1,2022,4,12,19
12/16/22,2.45134E+13,6.83377E+12,3.13471E+13,1,2023,1,2022,4,12,16
12/15/22,2.45126E+13,6.80701E+12,3.13196E+13,1,2023,1,2022,4,12,15
12/14/22,2.4461E+13,6.82336E+12,3.12843E+13,1,2023,1,2022,4,12,14
12/13/22,2.44622E+13,6.8419E+12,3.13041E+13,1,2023,1,2022,4,12,13
12/12/22,2.44842E+13,6.83352E+12,3.13177E+13,1,2023,1,2022,4,12,12
12/9/22,2.44833E+13,6.82802E+12,3.13113E+13,1,2023,1,2022,4,12,9
12/8/22,2.4484E+13,6.82683E+12,3.13108E+13,1,2023,1,2022,4,12,8
12/7/22,2.45228E+13,6.81231E+12,3.13351E+13,1,2023,1,2022,4,12,7
12/6/22,2.45255E+13,6.81302E+12,3.13385E+13,1,2023,1,2022,4,12,6
12/5/22,2.45451E+13,6.80774E+12,3.13528E+13,1,2023,1,2022,4,12,5
12/2/22,2.45463E+13,6.80385E+12,3.13501E+13,1,2023,1,2022,4,12,2
12/1/22,2.45481E+13,6.81514E+12,3.13632E+13,1,2023,1,2022,4,12,1
11/30/22,2.45535E+13,6.85987E+12,3.14133E+13,1,2023,1,2022,4,11,30
11/29/22,2.45187E+13,6.8551E+12,3.13738E+13,1,2023,1,2022,4,11,29
11/28/22,2.45229E+13,6.84791E+12,3.13708E+13,1,2023,1,2022,4,11,28
11/25/22,2.45244E+13,6.84335E+12,3.13678E+13,1,2023,1,2022,4,11,25
11/23/22,2.44987E+13,6.83533E+12,3.1334E+13,1,2023,1,2022,4,11,23
11/22/22,2.44989E+13,6.84952E+12,3.13485E+13,1,2023,1,2022,4,11,22
11/21/22,2.44457E+13,6.84163E+12,3.12873E+13,1,2023,1,2022,4,11,21
11/18/22,2.44453E+13,6.83739E+12,3.12827E+13,1,2023,1,2022,4,11,18
11/17/22,2.44454E+13,6.83981E+12,3.12852E+13,1,2023,1,2022,4,11,17
11/16/22,2.44408E+13,6.83084E+12,3.12717E+13,1,2023,1,2022,4,11,16
11/15/22,2.44397E+13,6.84844E+12,3.12882E+13,1,2023,1,2022,4,11,15
11/14/22,2.44222E+13,6.83309E+12,3.12553E+13,1,2023,1,2022,4,11,14
11/10/22,2.44218E+13,6.83025E+12,3.1252E+13,1,2023,1,2022,4,11,10
11/9/22,2.44155E+13,6.82817E+12,3.12436E+13,1,2023,1,2022,4,11,9
11/8/22,2.4415E+13,6.84668E+12,3.12616E+13,1,2023,1,2022,4,11,8
11/7/22,2.43867E+13,6.83684E+12,3.12235E+13,1,2023,1,2022,4,11,7
11/4/22,2.43861E+13,6.83399E+12,3.12201E+13,1,2023,1,2022,4,11,4
11/3/22,2.43864E+13,6.8325E+12,3.12189E+13,1,2023,1,2022,4,11,3
11/2/22,2.43787E+13,6.84317E+12,3.12218E+13,1,2023,1,2022,4,11,2
11/1/22,2.43785E+13,6.83322E+12,3.12117E+13,1,2023,1,2022,4,11,1
10/31/22,2.43525E+13,6.88576E+12,3.12383E+13,1,2023,1,2022,4,10,31
10/28/22,2.43753E+13,6.88106E+12,3.12564E+13,1,2023,1,2022,4,10,28
10/27/22,2.43741E+13,6.88364E+12,3.12578E+13,1,2023,1,2022,4,10,27
10/26/22,2.43713E+13,6.88098E+12,3.12523E+13,1,2023,1,2022,4,10,26
10/25/22,2.43707E+13,6.89714E+12,3.12678E+13,1,2023,1,2022,4,10,25
10/24/22,2.43478E+13,6.88233E+12,3.12301E+13,1,2023,1,2022,4,10,24
10/21/22,2.43473E+13,6.88129E+12,3.12286E+13,1,2023,1,2022,4,10,21
10/20/22,2.43472E+13,6.87955E+12,3.12268E+13,1,2023,1,2022,4,10,20
10/19/22,2.435E+13,6.87158E+12,3.12216E+13,1,2023,1,2022,4,10,19
10/18/22,2.43499E+13,6.88912E+12,3.1239E+13,1,2023,1,2022,4,10,18
10/17/22,2.43378E+13,6.87363E+12,3.12114E+13,1,2023,1,2022,4,10,17
10/14/22,2.42852E+13,6.86307E+12,3.11482E+13,1,2023,1,2022,4,10,14
10/13/22,2.42853E+13,6.85964E+12,3.1145E+13,1,2023,1,2022,4,10,13
10/12/22,2.42841E+13,6.85958E+12,3.11437E+13,1,2023,1,2022,4,10,12
10/11/22,2.42841E+13,6.86747E+12,3.11516E+13,1,2023,1,2022,4,10,11
10/7/22,2.42896E+13,6.85933E+12,3.11489E+13,1,2023,1,2022,4,10,7
10/6/22,2.42899E+13,6.85927E+12,3.11491E+13,1,2023,1,2022,4,10,6
10/5/22,2.4289E+13,6.8536E+12,3.11426E+13,1,2023,1,2022,4,10,5
10/4/22,2.42884E+13,6.84864E+12,3.1137E+13,1,2023,1,2022,4,10,4
10/3/22,2.42941E+13,6.82977E+12,3.11239E+13,1,2023,1,2022,4,10,3
9/30/22,2.42992E+13,6.62972E+12,3.09289E+13,1,2022,4,2022,3,9,30
9/29/22,2.42523E+13,6.61907E+12,3.08714E+13,1,2022,4,2022,3,9,29
9/28/22,2.42511E+13,6.63612E+12,3.08873E+13,1,2022,4,2022,3,9,28
9/27/22,2.42512E+13,6.65489E+12,3.09061E+13,1,2022,4,2022,3,9,27
9/26/22,2.4262E+13,6.64824E+12,3.09102E+13,1,2022,4,2022,3,9,26
9/23/22,2.42619E+13,6.63747E+12,3.08994E+13,1,2022,4,2022,3,9,23
9/22/22,2.42621E+13,6.6327E+12,3.08948E+13,1,2022,4,2022,3,9,22
9/21/22,2.42599E+13,6.62637E+12,3.08863E+13,1,2022,4,2022,3,9,21
9/20/22,2.42599E+13,6.64216E+12,3.0902E+13,1,2022,4,2022,3,9,20
9/19/22,2.42694E+13,6.63125E+12,3.09006E+13,1,2022,4,2022,3,9,19
9/16/22,2.42697E+13,6.6209E+12,3.08906E+13,1,2022,4,2022,3,9,16
9/15/22,2.42692E+13,6.61763E+12,3.08868E+13,1,2022,4,2022,3,9,15
9/14/22,2.42777E+13,6.6081E+12,3.08858E+13,1,2022,4,2022,3,9,14
9/13/22,2.42771E+13,6.62535E+12,3.09024E+13,1,2022,4,2022,3,9,13
9/12/22,2.4278E+13,6.62025E+12,3.08982E+13,1,2022,4,2022,3,9,12
9/9/22,2.42778E+13,6.61631E+12,3.08941E+13,1,2022,4,2022,3,9,9
9/8/22,2.42774E+13,6.61672E+12,3.08941E+13,1,2022,4,2022,3,9,8
9/7/22,2.42757E+13,6.62213E+12,3.08979E+13,1,2022,4,2022,3,9,7
9/6/22,2.42739E+13,6.61401E+12,3.08879E+13,1,2022,4,2022,3,9,6
9/2/22,2.42652E+13,6.60679E+12,3.0872E+13,1,2022,4,2022,3,9,2
9/1/22,2.42652E+13,6.61413E+12,3.08794E+13,1,2022,4,2022,3,9,1
8/31/22,2.42676E+13,6.66852E+12,3.09361E+13,1,2022,4,2022,3,8,31
8/30/22,2.42165E+13,6.66255E+12,3.08791E+13,1,2022,4,2022,3,8,30
8/29/22,2.41959E+13,6.65621E+12,3.08522E+13,1,2022,4,2022,3,8,29
8/26/22,2.41938E+13,6.65318E+12,3.0847E+13,1,2022,4,2022,3,8,26
8/25/22,2.41705E+13,6.65386E+12,3.08244E+13,1,2022,4,2022,3,8,25
8/24/22,2.41094E+13,6.64247E+12,3.07518E+13,1,2022,4,2022,3,8,24
8/23/22,2.41094E+13,6.66807E+12,3.07774E+13,1,2022,4,2022,3,8,23
8/22/22,2.40873E+13,6.65298E+12,3.07403E+13,1,2022,4,2022,3,8,22
8/19/22,2.40848E+13,6.64664E+12,3.07314E+13,1,2022,4,2022,3,8,19
8/18/22,2.40843E+13,6.64564E+12,3.07299E+13,1,2022,4,2022,3,8,18
8/17/22,2.40821E+13,6.6423E+12,3.07244E+13,1,2022,4,2022,3,8,17
8/16/22,2.40818E+13,6.65475E+12,3.07366E+13,1,2022,4,2022,3,8,16
8/15/22,2.4051E+13,6.64443E+12,3.06954E+13,1,2022,4,2022,3,8,15
8/12/22,2.40298E+13,6.63211E+12,3.06619E+13,1,2022,4,2022,3,8,12
8/11/22,2.40293E+13,6.63098E+12,3.06603E+13,1,2022,4,2022,3,8,11
8/10/22,2.40284E+13,6.62813E+12,3.06565E+13,1,2022,4,2022,3,8,10
8/9/22,2.40277E+13,6.62421E+12,3.06519E+13,1,2022,4,2022,3,8,9
8/8/22,2.39867E+13,6.61424E+12,3.06009E+13,1,2022,4,2022,3,8,8
8/5/22,2.39838E+13,6.60544E+12,3.05893E+13,1,2022,4,2022,3,8,5
8/4/22,2.39837E+13,6.60489E+12,3.05886E+13,1,2022,4,2022,3,8,4
8/3/22,2.39826E+13,6.59868E+12,3.05813E+13,1,2022,4,2022,3,8,3
8/2/22,2.39825E+13,6.61349E+12,3.0596E+13,1,2022,4,2022,3,8,2
8/1/22,2.39418E+13,6.59463E+12,3.05364E+13,1,2022,4,2022,3,8,1
7/29/22,2.39526E+13,6.64253E+12,3.05951E+13,1,2022,4,2022,3,7,29
7/28/22,2.3934E+13,6.6469E+12,3.05809E+13,1,2022,4,2022,3,7,28
7/27/22,2.3938E+13,6.6436E+12,3.05816E+13,1,2022,4,2022,3,7,27
7/26/22,2.39374E+13,6.66091E+12,3.05983E+13,1,2022,4,2022,3,7,26
7/25/22,2.38968E+13,6.6468E+12,3.05436E+13,1,2022,4,2022,3,7,25
7/22/22,2.38945E+13,6.63536E+12,3.05299E+13,1,2022,4,2022,3,7,22
7/21/22,2.38939E+13,6.63367E+12,3.05276E+13,1,2022,4,2022,3,7,21
7/20/22,2.39054E+13,6.62661E+12,3.0532E+13,1,2022,4,2022,3,7,20
7/19/22,2.39047E+13,6.64897E+12,3.05537E+13,1,2022,4,2022,3,7,19
7/18/22,2.38888E+13,6.63498E+12,3.05237E+13,1,2022,4,2022,3,7,18
7/15/22,2.38865E+13,6.62884E+12,3.05153E+13,1,2022,4,2022,3,7,15
7/14/22,2.38697E+13,6.62297E+12,3.04927E+13,1,2022,4,2022,3,7,14
7/13/22,2.38846E+13,6.62225E+12,3.05069E+13,1,2022,4,2022,3,7,13
7/12/22,2.38843E+13,6.64073E+12,3.0525E+13,1,2022,4,2022,3,7,12
7/11/22,2.38885E+13,6.63081E+12,3.05193E+13,1,2022,4,2022,3,7,11
7/8/22,2.3886E+13,6.62234E+12,3.05083E+13,1,2022,4,2022,3,7,8
7/7/22,2.38878E+13,6.61847E+12,3.05062E+13,1,2022,4,2022,3,7,7
7/6/22,2.39074E+13,6.61638E+12,3.05238E+13,1,2022,4,2022,3,7,6
7/5/22,2.39053E+13,6.59447E+12,3.04998E+13,1,2022,4,2022,3,7,5
7/1/22,2.3907E+13,6.57913E+12,3.04862E+13,1,2022,4,2022,3,7,1
6/30/22,2.39122E+13,6.65642E+12,3.05686E+13,1,2022,3,2022,2,6,30
6/29/22,2.38743E+13,6.59763E+12,3.04719E+13,1,2022,3,2022,2,6,29
6/28/22,2.38742E+13,6.59843E+12,3.04726E+13,1,2022,3,2022,2,6,28
6/27/22,2.38776E+13,6.58786E+12,3.04655E+13,1,2022,3,2022,2,6,27
6/24/22,2.38761E+13,6.58306E+12,3.04591E+13,1,2022,3,2022,2,6,24
6/23/22,2.3853E+13,6.56934E+12,3.04223E+13,1,2022,3,2022,2,6,23
6/22/22,2.38717E+13,6.56676E+12,3.04384E+13,1,2022,3,2022,2,6,22
6/21/22,2.38701E+13,6.57426E+12,3.04444E+13,1,2022,3,2022,2,6,21
6/17/22,2.38791E+13,6.56866E+12,3.04477E+13,1,2022,3,2022,2,6,17
6/16/22,2.38767E+13,6.55996E+12,3.04366E+13,1,2022,3,2022,2,6,16
6/15/22,2.39E+13,6.55045E+12,3.04504E+13,1,2022,3,2022,2,6,15
6/14/22,2.38407E+13,6.56165E+12,3.04024E+13,1,2022,3,2022,2,6,14
6/13/22,2.38499E+13,6.55134E+12,3.04012E+13,1,2022,3,2022,2,6,13
6/10/22,2.38495E+13,6.54649E+12,3.0396E+13,1,2022,3,2022,2,6,10
6/9/22,2.38494E+13,6.54732E+12,3.03968E+13,1,2022,3,2022,2,6,9
6/8/22,2.38727E+13,6.54375E+12,3.04165E+13,1,2022,3,2022,2,6,8
6/7/22,2.38722E+13,6.5454E+12,3.04176E+13,1,2022,3,2022,2,6,7
6/6/22,2.38822E+13,6.53871E+12,3.04209E+13,1,2022,3,2022,2,6,6
6/3/22,2.38806E+13,6.53193E+12,3.04126E+13,1,2022,3,2022,2,6,3
6/2/22,2.38809E+13,6.54471E+12,3.04257E+13,1,2022,3,2022,2,6,2
6/1/22,2.39011E+13,6.53985E+12,3.0441E+13,1,2022,3,2022,2,6,1
5/31/22,2.39044E+13,6.59523E+12,3.04996E+13,1,2022,3,2022,2,5,31
5/27/22,2.38326E+13,6.59187E+12,3.04245E+13,1,2022,3,2022,2,5,27
5/26/22,2.38097E+13,6.59185E+12,3.04016E+13,1,2022,3,2022,2,5,26
5/25/22,2.38337E+13,6.58718E+12,3.04209E+13,1,2022,3,2022,2,5,25
5/24/22,2.38327E+13,6.60377E+12,3.04365E+13,1,2022,3,2022,2,5,24
5/23/22,2.38413E+13,6.58401E+12,3.04253E+13,1,2022,3,2022,2,5,23
5/20/22,2.38386E+13,6.57798E+12,3.04166E+13,1,2022,3,2022,2,5,20
5/19/22,2.38401E+13,6.57714E+12,3.04173E+13,1,2022,3,2022,2,5,19
5/18/22,2.38625E+13,6.5711E+12,3.04336E+13,1,2022,3,2022,2,5,18
5/17/22,2.38616E+13,6.58736E+12,3.04489E+13,1,2022,3,2022,2,5,17
5/16/22,2.38738E+13,6.57238E+12,3.04462E+13,1,2022,3,2022,2,5,16
5/13/22,2.38193E+13,6.56401E+12,3.03833E+13,1,2022,3,2022,2,5,13
5/12/22,2.38182E+13,6.56409E+12,3.03823E+13,1,2022,3,2022,2,5,12
5/11/22,2.38366E+13,6.55968E+12,3.03963E+13,1,2022,3,2022,2,5,11
5/10/22,2.38362E+13,6.57716E+12,3.04133E+13,1,2022,3,2022,2,5,10
5/9/22,2.38488E+13,6.56588E+12,3.04147E+13,1,2022,3,2022,2,5,9
5/6/22,2.3847E+13,6.55891E+12,3.04059E+13,1,2022,3,2022,2,5,6
5/5/22,2.3845E+13,6.55435E+12,3.03993E+13,1,2022,3,2022,2,5,5
5/4/22,2.38644E+13,6.54577E+12,3.04101E+13,1,2022,3,2022,2,5,4
5/3/22,2.38626E+13,6.54078E+12,3.04034E+13,1,2022,3,2022,2,5,3
5/2/22,2.38752E+13,6.52739E+12,3.04026E+13,1,2022,3,2022,2,5,2
4/29/22,2.38472E+13,6.52691E+12,3.03742E+13,1,2022,3,2022,2,4,29
4/28/22,2.38248E+13,6.57778E+12,3.04026E+13,1,2022,3,2022,2,4,28
4/27/22,2.38357E+13,6.58093E+12,3.04166E+13,1,2022,3,2022,2,4,27
4/26/22,2.38333E+13,6.59669E+12,3.04299E+13,1,2022,3,2022,2,4,26
4/25/22,2.38476E+13,6.58904E+12,3.04366E+13,1,2022,3,2022,2,4,25
4/22/22,2.38457E+13,6.57517E+12,3.04209E+13,1,2022,3,2022,2,4,22
4/21/22,2.38449E+13,6.57287E+12,3.04178E+13,1,2022,3,2022,2,4,21
4/20/22,2.38446E+13,6.56447E+12,3.0409E+13,1,2022,3,2022,2,4,20
4/19/22,2.38449E+13,6.57914E+12,3.0424E+13,1,2022,3,2022,2,4,19
4/18/22,2.38688E+13,6.55182E+12,3.04206E+13,1,2022,3,2022,2,4,18
4/15/22,2.37427E+13,6.54049E+12,3.02832E+13,1,2022,3,2022,2,4,15
4/14/22,2.38318E+13,6.51629E+12,3.03481E+13,1,2022,3,2022,2,4,14
4/13/22,2.3828E+13,6.50996E+12,3.03379E+13,1,2022,3,2022,2,4,13
4/12/22,2.38275E+13,6.52563E+12,3.03531E+13,1,2022,3,2022,2,4,12
4/11/22,2.3851E+13,6.51519E+12,3.03661E+13,1,2022,3,2022,2,4,11
4/8/22,2.38494E+13,6.50881E+12,3.03583E+13,1,2022,3,2022,2,4,8
4/7/22,2.38506E+13,6.50494E+12,3.03556E+13,1,2022,3,2022,2,4,7
4/6/22,2.38478E+13,6.49897E+12,3.03467E+13,1,2022,3,2022,2,4,6
4/5/22,2.38482E+13,6.49654E+12,3.03448E+13,1,2022,3,2022,2,4,5
4/4/22,2.38777E+13,6.48257E+12,3.03602E+13,1,2022,3,2022,2,4,4
4/1/22,2.38769E+13,6.46486E+12,3.03417E+13,1,2022,3,2022,2,4,1
3/31/22,2.38798E+13,6.52119E+12,3.0401E+13,1,2022,2,2022,1,3,31
3/30/22,2.3775E+13,6.52277E+12,3.02977E+13,1,2022,2,2022,1,3,30
3/29/22,2.37743E+13,6.52132E+12,3.02957E+13,1,2022,2,2022,1,3,29
3/28/22,2.38044E+13,6.51201E+12,3.03164E+13,1,2022,2,2022,1,3,28
3/25/22,2.38025E+13,6.50794E+12,3.03105E+13,1,2022,2,2022,1,3,25
3/24/22,2.37794E+13,6.49922E+12,3.02786E+13,1,2022,2,2022,1,3,24
3/23/22,2.3779E+13,6.49942E+12,3.02784E+13,1,2022,2,2022,1,3,23
3/22/22,2.37774E+13,6.51364E+12,3.0291E+13,1,2022,2,2022,1,3,22
3/21/22,2.37898E+13,6.50315E+12,3.02929E+13,1,2022,2,2022,1,3,21
3/18/22,2.37877E+13,6.49692E+12,3.02846E+13,1,2022,2,2022,1,3,18
3/17/22,2.37863E+13,6.49568E+12,3.0282E+13,1,2022,2,2022,1,3,17
3/16/22,2.37736E+13,6.48334E+12,3.0257E+13,1,2022,2,2022,1,3,16
3/15/22,2.37728E+13,6.49653E+12,3.02694E+13,1,2022,2,2022,1,3,15
3/14/22,2.37064E+13,6.48633E+12,3.01927E+13,1,2022,2,2022,1,3,14
3/11/22,2.3705E+13,6.46639E+12,3.01713E+13,1,2022,2,2022,1,3,11
3/10/22,2.37033E+13,6.46586E+12,3.01692E+13,1,2022,2,2022,1,3,10
3/9/22,2.37566E+13,6.48239E+12,3.0239E+13,1,2022,2,2022,1,3,9
3/8/22,2.3756E+13,6.4991E+12,3.02551E+13,1,2022,2,2022,1,3,8
3/7/22,2.37698E+13,6.48585E+12,3.02557E+13,1,2022,2,2022,1,3,7
3/4/22,2.37686E+13,6.47946E+12,3.02481E+13,1,2022,2,2022,1,3,4
3/3/22,2.37678E+13,6.47807E+12,3.02459E+13,1,2022,2,2022,1,3,3
3/2/22,2.37617E+13,6.48995E+12,3.02516E+13,1,2022,2,2022,1,3,2
3/1/22,2.37609E+13,6.47901E+12,3.02399E+13,1,2022,2,2022,1,3,1
2/28/22,2.37766E+13,6.51379E+12,3.02904E+13,1,2022,2,2022,1,2,28
2/25/22,2.36747E+13,6.5066E+12,3.01813E+13,1,2022,2,2022,1,2,25
2/24/22,2.36501E+13,6.50665E+12,3.01567E+13,1,2022,2,2022,1,2,24
2/23/22,2.36433E+13,6.50443E+12,3.01477E+13,1,2022,2,2022,1,2,23
2/22/22,2.36408E+13,6.50881E+12,3.01496E+13,1,2022,2,2022,1,2,22
2/18/22,2.3639E+13,6.49787E+12,3.01369E+13,1,2022,2,2022,1,2,18
2/17/22,2.36385E+13,6.4781E+12,3.01166E+13,1,2022,2,2022,1,2,17
2/16/22,2.36304E+13,6.48708E+12,3.01174E+13,1,2022,2,2022,1,2,16
2/15/22,2.36292E+13,6.50254E+12,3.01317E+13,1,2022,2,2022,1,2,15
2/14/22,2.35533E+13,6.48703E+12,3.00403E+13,1,2022,2,2022,1,2,14
2/11/22,2.35529E+13,6.48466E+12,3.00376E+13,1,2022,2,2022,1,2,11
2/10/22,2.35524E+13,6.48372E+12,3.00362E+13,1,2022,2,2022,1,2,10
2/9/22,2.35464E+13,6.47993E+12,3.00263E+13,1,2022,2,2022,1,2,9
2/8/22,2.35465E+13,6.49782E+12,3.00443E+13,1,2022,2,2022,1,2,8
2/7/22,2.35207E+13,6.48589E+12,3.00066E+13,1,2022,2,2022,1,2,7
2/4/22,2.35209E+13,6.47986E+12,3.00007E+13,1,2022,2,2022,1,2,4
2/3/22,2.35208E+13,6.47658E+12,2.99973E+13,1,2022,2,2022,1,2,3
2/2/22,2.3515E+13,6.48824E+12,3.00032E+13,1,2022,2,2022,1,2,2
2/1/22,2.35143E+13,6.49245E+12,3.00067E+13,1,2022,2,2022,1,2,1
1/31/22,2.34872E+13,6.52521E+12,3.00124E+13,1,2022,2,2022,1,1,31
1/28/22,2.33967E+13,6.52683E+12,2.99235E+13,1,2022,2,2022,1,1,28
1/27/22,2.33963E+13,6.52794E+12,2.99243E+13,1,2022,2,2022,1,1,27
1/26/22,2.33898E+13,6.5212E+12,2.9911E+13,1,2022,2,2022,1,1,26
1/25/22,2.33886E+13,6.53434E+12,2.99229E+13,1,2022,2,2022,1,1,25
1/24/22,2.336E+13,6.52129E+12,2.98813E+13,1,2022,2,2022,1,1,24
1/21/22,2.33581E+13,6.51437E+12,2.98725E+13,1,2022,2,2022,1,1,21
1/20/22,2.33572E+13,6.50977E+12,2.9867E+13,1,2022,2,2022,1,1,20
1/19/22,2.33449E+13,6.50575E+12,2.98506E+13,1,2022,2,2022,1,1,19
1/18/22,2.33432E+13,6.52564E+12,2.98688E+13,1,2022,2,2022,1,1,18
1/14/22,2.32576E+13,6.48735E+12,2.9745E+13,1,2022,2,2022,1,1,14
1/13/22,2.32576E+13,6.48672E+12,2.97444E+13,1,2022,2,2022,1,1,13
1/12/22,2.3299E+13,6.4833E+12,2.97823E+13,1,2022,2,2022,1,1,12
1/11/22,2.3298E+13,6.50073E+12,2.97987E+13,1,2022,2,2022,1,1,11
1/10/22,2.32315E+13,6.48978E+12,2.97213E+13,1,2022,2,2022,1,1,10
1/7/22,2.32296E+13,6.48256E+12,2.97122E+13,1,2022,2,2022,1,1,7
1/6/22,2.323E+13,6.4813E+12,2.97113E+13,1,2022,2,2022,1,1,6
1/5/22,2.32141E+13,6.47457E+12,2.96887E+13,1,2022,2,2022,1,1,5
1/4/22,2.32118E+13,6.47296E+12,2.96848E+13,1,2022,2,2022,1,1,4
1/3/22,2.31444E+13,6.41755E+12,2.95619E+13,1,2022,2,2022,1,1,3
12/31/21,2.31437E+13,6.47347E+12,2.96172E+13,1,2022,1,2021,4,12,31
12/30/21,2.30327E+13,6.46208E+12,2.94948E+13,1,2022,1,2021,4,12,30
12/29/21,2.30148E+13,6.45897E+12,2.94738E+13,1,2022,1,2021,4,12,29
12/28/21,2.30117E+13,6.45848E+12,2.94702E+13,1,2022,1,2021,4,12,28
12/27/21,2.29427E+13,6.44976E+12,2.93925E+13,1,2022,1,2021,4,12,27
12/24/21,2.29387E+13,6.42781E+12,2.93665E+13,1,2022,1,2021,4,12,24
12/23/21,2.29383E+13,6.42656E+12,2.93648E+13,1,2022,1,2021,4,12,23
12/22/21,2.29543E+13,6.41681E+12,2.93711E+13,1,2022,1,2021,4,12,22
12/21/21,2.28919E+13,6.43175E+12,2.93236E+13,1,2022,1,2021,4,12,21
12/20/21,2.28047E+13,6.42254E+12,2.92272E+13,1,2022,1,2021,4,12,20
12/17/21,2.28017E+13,6.41746E+12,2.92192E+13,1,2022,1,2021,4,12,17
12/16/21,2.27992E+13,6.40707E+12,2.92063E+13,1,2022,1,2021,4,12,16
12/15/21,2.25711E+13,6.33686E+12,2.8908E+13,1,2022,1,2021,4,12,15
12/14/21,2.26748E+13,6.23323E+12,2.8908E+13,1,2022,1,2021,4,12,14
12/13/21,2.2684E+13,6.22396E+12,2.8908E+13,1,2022,1,2021,4,12,13
12/10/21,2.26869E+13,6.22114E+12,2.8908E+13,1,2022,1,2021,4,12,10
12/9/21,2.26862E+13,6.22186E+12,2.89081E+13,1,2022,1,2021,4,12,9
12/8/21,2.26889E+13,6.21909E+12,2.8908E+13,1,2022,1,2021,4,12,8
12/7/21,2.26798E+13,6.22824E+12,2.8908E+13,1,2022,1,2021,4,12,7
12/6/21,2.26854E+13,6.22269E+12,2.8908E+13,1,2022,1,2021,4,12,6
12/3/21,2.26889E+13,6.21916E+12,2.89081E+13,1,2022,1,2021,4,12,3
12/2/21,2.2692E+13,6.21612E+12,2.89081E+13,1,2022,1,2021,4,12,2
12/1/21,2.26795E+13,6.22844E+12,2.8908E+13,1,2022,1,2021,4,12,1
11/30/21,2.26459E+13,6.26207E+12,2.8908E+13,1,2022,1,2021,4,11,30
11/29/21,2.26457E+13,6.26295E+12,2.89086E+13,1,2022,1,2021,4,11,29
11/26/21,2.26489E+13,6.25979E+12,2.89087E+13,1,2022,1,2021,4,11,26
11/24/21,2.26514E+13,6.25729E+12,2.89087E+13,1,2022,1,2021,4,11,24
11/23/21,2.26458E+13,6.26287E+12,2.89087E+13,1,2022,1,2021,4,11,23
11/22/21,2.26573E+13,6.25137E+12,2.89087E+13,1,2022,1,2021,4,11,22
11/19/21,2.26665E+13,6.24226E+12,2.89087E+13,1,2022,1,2021,4,11,19
11/18/21,2.26666E+13,6.24208E+12,2.89087E+13,1,2022,1,2021,4,11,18
11/17/21,2.26702E+13,6.23851E+12,2.89087E+13,1,2022,1,2021,4,11,17
11/16/21,2.26601E+13,6.2486E+12,2.89087E+13,1,2022,1,2021,4,11,16
11/15/21,2.26702E+13,6.23857E+12,2.89087E+13,1,2022,1,2021,4,11,15
11/12/21,2.26774E+13,6.23132E+12,2.89088E+13,1,2022,1,2021,4,11,12
11/10/21,2.26759E+13,6.23287E+12,2.89088E+13,1,2022,1,2021,4,11,10
11/9/21,2.26584E+13,6.25039E+12,2.89088E+13,1,2022,1,2021,4,11,9
11/8/21,2.26661E+13,6.24265E+12,2.89088E+13,1,2022,1,2021,4,11,8
11/5/21,2.2671E+13,6.23782E+12,2.89088E+13,1,2022,1,2021,4,11,5
11/4/21,2.26718E+13,6.23705E+12,2.89088E+13,1,2022,1,2021,4,11,4
11/3/21,2.2675E+13,6.23371E+12,2.89087E+13,1,2022,1,2021,4,11,3
11/2/21,2.266E+13,6.24877E+12,2.89088E+13,1,2022,1,2021,4,11,2
11/1/21,2.26799E+13,6.2288E+12,2.89088E+13,1,2022,1,2021,4,11,1
10/29/21,2.26371E+13,6.27168E+12,2.89088E+13,1,2022,1,2021,4,10,29
10/28/21,2.26309E+13,6.27783E+12,2.89088E+13,1,2022,1,2021,4,10,28
10/27/21,2.26252E+13,6.28354E+12,2.89088E+13,1,2022,1,2021,4,10,27
10/26/21,2.26101E+13,6.29865E+12,2.89088E+13,1,2022,1,2021,4,10,26
10/25/21,2.25897E+13,6.31904E+12,2.89088E+13,1,2022,1,2021,4,10,25
10/22/21,2.25883E+13,6.32049E+12,2.89088E+13,1,2022,1,2021,4,10,22
10/21/21,2.25275E+13,6.35372E+12,2.88812E+13,1,2022,1,2021,4,10,21
10/20/21,2.24814E+13,6.34747E+12,2.88289E+13,1,2022,1,2021,4,10,20
10/19/21,2.24808E+13,6.36168E+12,2.88425E+13,1,2022,1,2021,4,10,19
10/18/21,2.24747E+13,6.34661E+12,2.88213E+13,1,2022,1,2021,4,10,18
10/15/21,2.2413E+13,6.34108E+12,2.87541E+13,1,2022,1,2021,4,10,15
10/14/21,2.23958E+13,6.33234E+12,2.87282E+13,1,2022,1,2021,4,10,14
10/13/21,2.21518E+13,6.27702E+12,2.84288E+13,1,2022,1,2021,4,10,13
10/12/21,2.21434E+13,6.28547E+12,2.84289E+13,1,2022,1,2021,4,10,12
10/8/21,2.21501E+13,6.2788E+12,2.84289E+13,1,2022,1,2021,4,10,8
10/7/21,2.21537E+13,6.27522E+12,2.84289E+13,1,2022,1,2021,4,10,7
10/6/21,2.21578E+13,6.2711E+12,2.84289E+13,1,2022,1,2021,4,10,6
10/5/21,2.2157E+13,6.27185E+12,2.84289E+13,1,2022,1,2021,4,10,5
10/4/21,2.21796E+13,6.24925E+12,2.84289E+13,1,2022,1,2021,4,10,4
10/1/21,2.2199E+13,6.2299E+12,2.84289E+13,1,2022,1,2021,4,10,1
9/30/21,2.22829E+13,6.14602E+12,2.84289E+13,1,2021,4,2021,3,9,30
9/29/21,2.22705E+13,6.1566E+12,2.84271E+13,1,2021,4,2021,3,9,29
9/28/21,2.22641E+13,6.16302E+12,2.84271E+13,1,2021,4,2021,3,9,28
9/27/21,2.22563E+13,6.17079E+12,2.84271E+13,1,2021,4,2021,3,9,27
9/24/21,2.22586E+13,6.1686E+12,2.84272E+13,1,2021,4,2021,3,9,24
9/23/21,2.22688E+13,6.15841E+12,2.84272E+13,1,2021,4,2021,3,9,23
9/22/21,2.22723E+13,6.15492E+12,2.84272E+13,1,2021,4,2021,3,9,22
9/21/21,2.22614E+13,6.1658E+12,2.84272E+13,1,2021,4,2021,3,9,21
9/20/21,2.22728E+13,6.15436E+12,2.84272E+13,1,2021,4,2021,3,9,20
9/17/21,2.22783E+13,6.14896E+12,2.84272E+13,1,2021,4,2021,3,9,17
9/16/21,2.22842E+13,6.14304E+12,2.84272E+13,1,2021,4,2021,3,9,16
9/15/21,2.22941E+13,6.13318E+12,2.84272E+13,1,2021,4,2021,3,9,15
9/14/21,2.22829E+13,6.14432E+12,2.84272E+13,1,2021,4,2021,3,9,14
9/13/21,2.22897E+13,6.13757E+12,2.84272E+13,1,2021,4,2021,3,9,13
9/10/21,2.22933E+13,6.13398E+12,2.84273E+13,1,2021,4,2021,3,9,10
9/9/21,2.2295E+13,6.13224E+12,2.84273E+13,1,2021,4,2021,3,9,9
9/8/21,2.22934E+13,6.13388E+12,2.84273E+13,1,2021,4,2021,3,9,8
9/7/21,2.22827E+13,6.14458E+12,2.84273E+13,1,2021,4,2021,3,9,7
9/3/21,2.22903E+13,6.13702E+12,2.84273E+13,1,2021,4,2021,3,9,3
9/2/21,2.22823E+13,6.14506E+12,2.84273E+13,1,2021,4,2021,3,9,2
9/1/21,2.22927E+13,6.13465E+12,2.84273E+13,1,2021,4,2021,3,9,1
8/31/21,2.22545E+13,6.17277E+12,2.84273E+13,1,2021,4,2021,3,8,31
8/30/21,2.22469E+13,6.18062E+12,2.84275E+13,1,2021,4,2021,3,8,30
8/27/21,2.22437E+13,6.1839E+12,2.84276E+13,1,2021,4,2021,3,8,27
8/26/21,2.22411E+13,6.18647E+12,2.84276E+13,1,2021,4,2021,3,8,26
8/25/21,2.2249E+13,6.17862E+12,2.84276E+13,1,2021,4,2021,3,8,25
8/24/21,2.2238E+13,6.18961E+12,2.84276E+13,1,2021,4,2021,3,8,24
8/23/21,2.22516E+13,6.17601E+12,2.84276E+13,1,2021,4,2021,3,8,23
8/20/21,2.22564E+13,6.17119E+12,2.84276E+13,1,2021,4,2021,3,8,20
8/19/21,2.2259E+13,6.16862E+12,2.84276E+13,1,2021,4,2021,3,8,19
8/18/21,2.22655E+13,6.1621E+12,2.84276E+13,1,2021,4,2021,3,8,18
8/17/21,2.22504E+13,6.17722E+12,2.84276E+13,1,2021,4,2021,3,8,17
8/16/21,2.22645E+13,6.16311E+12,2.84276E+13,1,2021,4,2021,3,8,16
8/13/21,2.22753E+13,6.15239E+12,2.84277E+13,1,2021,4,2021,3,8,13
8/12/21,2.22752E+13,6.15246E+12,2.84277E+13,1,2021,4,2021,3,8,12
8/11/21,2.22791E+13,6.14851E+12,2.84276E+13,1,2021,4,2021,3,8,11
8/10/21,2.22617E+13,6.16595E+12,2.84276E+13,1,2021,4,2021,3,8,10
8/9/21,2.22708E+13,6.15682E+12,2.84277E+13,1,2021,4,2021,3,8,9
8/6/21,2.22786E+13,6.14913E+12,2.84277E+13,1,2021,4,2021,3,8,6
8/5/21,2.22775E+13,6.15023E+12,2.84277E+13,1,2021,4,2021,3,8,5
8/4/21,2.22805E+13,6.14716E+12,2.84277E+13,1,2021,4,2021,3,8,4
8/3/21,2.22814E+13,6.14628E+12,2.84277E+13,1,2021,4,2021,3,8,3
8/2/21,2.22933E+13,6.13442E+12,2.84277E+13,1,2021,4,2021,3,8,2
7/30/21,2.22846E+13,6.14309E+12,2.84277E+13,1,2021,4,2021,3,7,30
7/29/21,2.2267E+13,6.1931E+12,2.84601E+13,1,2021,4,2021,3,7,29
7/28/21,2.22891E+13,6.1945E+12,2.84836E+13,1,2021,4,2021,3,7,28
7/27/21,2.22897E+13,6.19819E+12,2.84879E+13,1,2021,4,2021,3,7,27
7/26/21,2.22998E+13,6.18853E+12,2.84883E+13,1,2021,4,2021,3,7,26
7/23/21,2.22995E+13,6.17541E+12,2.84749E+13,1,2021,4,2021,3,7,23
7/22/21,2.22962E+13,6.17512E+12,2.84713E+13,1,2021,4,2021,3,7,22
7/21/21,2.23032E+13,6.17093E+12,2.84742E+13,1,2021,4,2021,3,7,21
7/20/21,2.2304E+13,6.18927E+12,2.84933E+13,1,2021,4,2021,3,7,20
7/19/21,2.23442E+13,6.18901E+12,2.85332E+13,1,2021,4,2021,3,7,19
7/16/21,2.23443E+13,6.17871E+12,2.8523E+13,1,2021,4,2021,3,7,16
7/15/21,2.23454E+13,6.17676E+12,2.85221E+13,1,2021,4,2021,3,7,15
7/14/21,2.22908E+13,6.17038E+12,2.84612E+13,1,2021,4,2021,3,7,14
7/13/21,2.22897E+13,6.18741E+12,2.84771E+13,1,2021,4,2021,3,7,13
7/12/21,2.23147E+13,6.17552E+12,2.84902E+13,1,2021,4,2021,3,7,12
7/9/21,2.2315E+13,6.17047E+12,2.84855E+13,1,2021,4,2021,3,7,9
7/8/21,2.23148E+13,6.16538E+12,2.84802E+13,1,2021,4,2021,3,7,8
7/7/21,2.23068E+13,6.1657E+12,2.84725E+13,1,2021,4,2021,3,7,7
7/6/21,2.23066E+13,6.15896E+12,2.84656E+13,1,2021,4,2021,3,7,6
7/2/21,2.23281E+13,6.15249E+12,2.84806E+13,1,2021,4,2021,3,7,2
7/1/21,2.23278E+13,6.15872E+12,2.84865E+13,1,2021,4,2021,3,7,1
6/30/21,2.23298E+13,6.19961E+12,2.85294E+13,1,2021,3,2021,2,6,30
6/29/21,2.21827E+13,6.14964E+12,2.83323E+13,1,2021,3,2021,2,6,29
6/28/21,2.22068E+13,6.14446E+12,2.83512E+13,1,2021,3,2021,2,6,28
6/25/21,2.22057E+13,6.13161E+12,2.83373E+13,1,2021,3,2021,2,6,25
6/24/21,2.21878E+13,6.13415E+12,2.83219E+13,1,2021,3,2021,2,6,24
6/23/21,2.21834E+13,6.12152E+12,2.83049E+13,1,2021,3,2021,2,6,23
6/22/21,2.21806E+13,6.13805E+12,2.83187E+13,1,2021,3,2021,2,6,22
6/21/21,2.21752E+13,6.12855E+12,2.83037E+13,1,2021,3,2021,2,6,21
6/18/21,2.21741E+13,6.12184E+12,2.8296E+13,1,2021,3,2021,2,6,18
6/17/21,2.21739E+13,6.12199E+12,2.82959E+13,1,2021,3,2021,2,6,17
6/16/21,2.22001E+13,6.11095E+12,2.83111E+13,1,2021,3,2021,2,6,16
6/15/21,2.21996E+13,6.1221E+12,2.83217E+13,1,2021,3,2021,2,6,15
6/14/21,2.20987E+13,6.10826E+12,2.8207E+13,1,2021,3,2021,2,6,14
6/11/21,2.20975E+13,6.1017E+12,2.81992E+13,1,2021,3,2021,2,6,11
6/10/21,2.20973E+13,6.10159E+12,2.81989E+13,1,2021,3,2021,2,6,10
6/9/21,2.21202E+13,6.09765E+12,2.82178E+13,1,2021,3,2021,2,6,9
6/8/21,2.21193E+13,6.11425E+12,2.82335E+13,1,2021,3,2021,2,6,8
6/7/21,2.21136E+13,6.15071E+12,2.82643E+13,1,2021,3,2021,2,6,7
6/4/21,2.21125E+13,6.14572E+12,2.82582E+13,1,2021,3,2021,2,6,4
6/3/21,2.21116E+13,6.13039E+12,2.82419E+13,1,2021,3,2021,2,6,3
6/2/21,2.2135E+13,6.14184E+12,2.82769E+13,1,2021,3,2021,2,6,2
6/1/21,2.2134E+13,6.12793E+12,2.82619E+13,1,2021,3,2021,2,6,1
5/28/21,2.20209E+13,6.17807E+12,2.8199E+13,1,2021,3,2021,2,5,28
5/27/21,2.19837E+13,6.17995E+12,2.81636E+13,1,2021,3,2021,2,5,27
5/26/21,2.20059E+13,6.18184E+12,2.81877E+13,1,2021,3,2021,2,5,26
5/25/21,2.20053E+13,6.19935E+12,2.82047E+13,1,2021,3,2021,2,5,25
5/24/21,2.20245E+13,6.18912E+12,2.82136E+13,1,2021,3,2021,2,5,24
5/21/21,2.20232E+13,6.18027E+12,2.82035E+13,1,2021,3,2021,2,5,21
5/20/21,2.20234E+13,6.17841E+12,2.82018E+13,1,2021,3,2021,2,5,20
5/19/21,2.20434E+13,6.1739E+12,2.82173E+13,1,2021,3,2021,2,5,19
5/18/21,2.20427E+13,6.18919E+12,2.82319E+13,1,2021,3,2021,2,5,18
5/17/21,2.20611E+13,6.17251E+12,2.82336E+13,1,2021,3,2021,2,5,17
5/14/21,2.19835E+13,6.15633E+12,2.81398E+13,1,2021,3,2021,2,5,14
5/13/21,2.19833E+13,6.15506E+12,2.81384E+13,1,2021,3,2021,2,5,13
5/12/21,2.20053E+13,6.15184E+12,2.81572E+13,1,2021,3,2021,2,5,12
5/11/21,2.20047E+13,6.16828E+12,2.81729E+13,1,2021,3,2021,2,5,11
5/10/21,2.20193E+13,6.16141E+12,2.81807E+13,1,2021,3,2021,2,5,10
5/7/21,2.20183E+13,6.15658E+12,2.81748E+13,1,2021,3,2021,2,5,7
5/6/21,2.20191E+13,6.15719E+12,2.81763E+13,1,2021,3,2021,2,5,6
5/5/21,2.20434E+13,6.13447E+12,2.81779E+13,1,2021,3,2021,2,5,5
5/4/21,2.2043E+13,6.13241E+12,2.81754E+13,1,2021,3,2021,2,5,4
5/3/21,2.20576E+13,6.1048E+12,2.81624E+13,1,2021,3,2021,2,5,3
4/30/21,2.20561E+13,6.11866E+12,2.81747E+13,1,2021,3,2021,2,4,30
4/29/21,2.19257E+13,6.16451E+12,2.80902E+13,1,2021,3,2021,2,4,29
4/28/21,2.19432E+13,6.16876E+12,2.8112E+13,1,2021,3,2021,2,4,28
4/27/21,2.19427E+13,6.18959E+12,2.81323E+13,1,2021,3,2021,2,4,27
4/26/21,2.1957E+13,6.186E+12,2.8143E+13,1,2021,3,2021,2,4,26
4/23/21,2.19575E+13,6.17668E+12,2.81342E+13,1,2021,3,2021,2,4,23
4/22/21,2.19571E+13,6.17183E+12,2.8129E+13,1,2021,3,2021,2,4,22
4/21/21,2.19852E+13,6.16979E+12,2.8155E+13,1,2021,3,2021,2,4,21
4/20/21,2.19853E+13,6.18517E+12,2.81704E+13,1,2021,3,2021,2,4,20
4/19/21,2.19998E+13,6.1678E+12,2.81676E+13,1,2021,3,2021,2,4,19
4/16/21,2.19988E+13,6.15677E+12,2.81555E+13,1,2021,3,2021,2,4,16
4/15/21,2.19987E+13,6.14628E+12,2.8145E+13,1,2021,3,2021,2,4,15
4/14/21,2.19529E+13,6.13073E+12,2.80836E+13,1,2021,3,2021,2,4,14
4/13/21,2.19524E+13,6.14522E+12,2.80976E+13,1,2021,3,2021,2,4,13
4/12/21,2.19564E+13,6.13527E+12,2.80916E+13,1,2021,3,2021,2,4,12
4/9/21,2.19555E+13,6.12748E+12,2.8083E+13,1,2021,3,2021,2,4,9
4/8/21,2.19557E+13,6.12586E+12,2.80815E+13,1,2021,3,2021,2,4,8
4/7/21,2.19692E+13,6.11994E+12,2.80891E+13,1,2021,3,2021,2,4,7
4/6/21,2.19671E+13,6.11853E+12,2.80856E+13,1,2021,3,2021,2,4,6
4/5/21,2.19718E+13,6.10977E+12,2.80816E+13,1,2021,3,2021,2,4,5
4/2/21,2.19714E+13,6.10236E+12,2.80737E+13,1,2021,3,2021,2,4,2
4/1/21,2.19713E+13,6.10987E+12,2.80811E+13,1,2021,3,2021,2,4,1
3/31/21,2.19869E+13,6.14563E+12,2.81326E+13,1,2021,2,2021,1,3,31
3/30/21,2.18386E+13,6.15061E+12,2.79892E+13,1,2021,2,2021,1,3,30
3/29/21,2.18429E+13,6.14796E+12,2.79908E+13,1,2021,2,2021,1,3,29
3/26/21,2.18422E+13,6.14535E+12,2.79875E+13,1,2021,2,2021,1,3,26
3/25/21,2.18161E+13,6.14705E+12,2.79631E+13,1,2021,2,2021,1,3,25
3/24/21,2.18405E+13,6.13929E+12,2.79797E+13,1,2021,2,2021,1,3,24
3/23/21,2.18395E+13,6.1569E+12,2.79964E+13,1,2021,2,2021,1,3,23
3/22/21,2.18432E+13,6.12658E+12,2.79698E+13,1,2021,2,2021,1,3,22
3/19/21,2.18429E+13,6.1228E+12,2.79657E+13,1,2021,2,2021,1,3,19
3/18/21,2.1843E+13,6.12375E+12,2.79668E+13,1,2021,2,2021,1,3,18
3/17/21,2.18604E+13,6.11449E+12,2.79749E+13,1,2021,2,2021,1,3,17
3/16/21,2.18597E+13,6.12392E+12,2.79836E+13,1,2021,2,2021,1,3,16
3/15/21,2.18848E+13,6.11723E+12,2.8002E+13,1,2021,2,2021,1,3,15
3/12/21,2.17862E+13,6.11417E+12,2.79004E+13,1,2021,2,2021,1,3,12
3/11/21,2.17865E+13,6.11387E+12,2.79004E+13,1,2021,2,2021,1,3,11
3/10/21,2.18162E+13,6.11044E+12,2.79266E+13,1,2021,2,2021,1,3,10
3/9/21,2.18165E+13,6.12827E+12,2.79448E+13,1,2021,2,2021,1,3,9
3/8/21,2.18408E+13,6.11936E+12,2.79602E+13,1,2021,2,2021,1,3,8
3/5/21,2.18394E+13,6.11505E+12,2.79545E+13,1,2021,2,2021,1,3,5
3/4/21,2.18397E+13,6.11532E+12,2.7955E+13,1,2021,2,2021,1,3,4
3/3/21,2.1868E+13,6.11144E+12,2.79795E+13,1,2021,2,2021,1,3,3
3/2/21,2.18671E+13,6.12558E+12,2.79927E+13,1,2021,2,2021,1,3,2
3/1/21,2.18927E+13,6.1117E+12,2.80044E+13,1,2021,2,2021,1,3,1
2/26/21,2.17557E+13,6.14663E+12,2.79024E+13,1,2021,2,2021,1,2,26
2/25/21,2.17207E+13,6.15246E+12,2.78731E+13,1,2021,2,2021,1,2,25
2/24/21,2.17606E+13,6.15846E+12,2.7919E+13,1,2021,2,2021,1,2,24
2/23/21,2.17602E+13,6.12545E+12,2.78857E+13,1,2021,2,2021,1,2,23
2/22/21,2.1815E+13,6.11562E+12,2.79306E+13,1,2021,2,2021,1,2,22
2/19/21,2.18152E+13,6.10809E+12,2.79233E+13,1,2021,2,2021,1,2,19
2/18/21,2.18152E+13,6.10681E+12,2.7922E+13,1,2021,2,2021,1,2,18
2/17/21,2.18136E+13,6.10664E+12,2.79202E+13,1,2021,2,2021,1,2,17
2/16/21,2.18121E+13,6.10845E+12,2.79205E+13,1,2021,2,2021,1,2,16
2/12/21,2.17501E+13,6.1012E+12,2.78513E+13,1,2021,2,2021,1,2,12
2/11/21,2.17502E+13,6.09725E+12,2.78475E+13,1,2021,2,2021,1,2,11
2/10/21,2.17499E+13,6.09677E+12,2.78466E+13,1,2021,2,2021,1,2,10
2/9/21,2.17501E+13,6.11508E+12,2.78651E+13,1,2021,2,2021,1,2,9
2/8/21,2.1749E+13,6.10709E+12,2.78561E+13,1,2021,2,2021,1,2,8
2/5/21,2.17494E+13,6.10337E+12,2.78528E+13,1,2021,2,2021,1,2,5
2/4/21,2.17498E+13,6.10525E+12,2.78551E+13,1,2021,2,2021,1,2,4
2/3/21,2.17492E+13,6.10185E+12,2.78511E+13,1,2021,2,2021,1,2,3
2/2/21,2.17498E+13,6.11546E+12,2.78652E+13,1,2021,2,2021,1,2,2
2/1/21,2.17492E+13,6.07997E+12,2.78292E+13,1,2021,2,2021,1,2,1
1/29/21,2.16439E+13,6.14064E+12,2.77846E+13,1,2021,2,2021,1,1,29
1/28/21,2.16291E+13,6.13083E+12,2.77599E+13,1,2021,2,2021,1,1,28
1/27/21,2.1637E+13,6.13147E+12,2.77685E+13,1,2021,2,2021,1,1,27
1/26/21,2.16373E+13,6.14449E+12,2.77817E+13,1,2021,2,2021,1,1,26
1/25/21,2.16372E+13,6.13512E+12,2.77724E+13,1,2021,2,2021,1,1,25
1/22/21,2.16374E+13,6.12221E+12,2.77596E+13,1,2021,2,2021,1,1,22
1/21/21,2.16377E+13,6.11867E+12,2.77563E+13,1,2021,2,2021,1,1,21
1/20/21,2.16368E+13,6.11507E+12,2.77519E+13,1,2021,2,2021,1,1,20
1/19/21,2.16364E+13,6.11646E+12,2.77528E+13,1,2021,2,2021,1,1,19
1/15/21,2.16365E+13,6.11029E+12,2.77468E+13,1,2021,2,2021,1,1,15
1/14/21,2.15787E+13,6.10348E+12,2.76822E+13,1,2021,2,2021,1,1,14
1/13/21,2.15787E+13,6.10072E+12,2.76794E+13,1,2021,2,2021,1,1,13
1/12/21,2.15789E+13,6.11787E+12,2.76968E+13,1,2021,2,2021,1,1,12
1/11/21,2.15782E+13,6.11008E+12,2.76882E+13,1,2021,2,2021,1,1,11
1/8/21,2.15784E+13,6.10461E+12,2.7683E+13,1,2021,2,2021,1,1,8
1/7/21,2.15788E+13,6.10449E+12,2.76833E+13,1,2021,2,2021,1,1,7
1/6/21,2.15957E+13,6.10327E+12,2.7699E+13,1,2021,2,2021,1,1,6
1/5/21,2.1594E+13,6.10416E+12,2.76982E+13,1,2021,2,2021,1,1,5
1/4/21,2.15933E+13,6.08495E+12,2.76783E+13,1,2021,2,2021,1,1,4
12/31/20,2.16324E+13,6.11538E+12,2.77478E+13,1,2021,1,2020,4,12,31
12/30/20,2.14685E+13,6.09204E+12,2.75605E+13,1,2021,1,2020,4,12,30
12/29/20,2.14685E+13,6.08237E+12,2.75508E+13,1,2021,1,2020,4,12,29
12/28/20,2.14689E+13,6.07361E+12,2.75425E+13,1,2021,1,2020,4,12,28
12/24/20,2.1445E+13,6.07048E+12,2.75155E+13,1,2021,1,2020,4,12,24
12/23/20,2.14482E+13,6.06857E+12,2.75167E+13,1,2021,1,2020,4,12,23
12/22/20,2.14478E+13,6.07449E+12,2.75223E+13,1,2021,1,2020,4,12,22
12/21/20,2.14476E+13,6.06529E+12,2.75129E+13,1,2021,1,2020,4,12,21
12/18/20,2.14465E+13,6.04494E+12,2.74915E+13,1,2021,1,2020,4,12,18
12/17/20,2.14465E+13,6.06043E+12,2.75069E+13,1,2021,1,2020,4,12,17
12/16/20,2.14479E+13,6.05262E+12,2.75005E+13,1,2021,1,2020,4,12,16
12/15/20,2.1448E+13,6.06472E+12,2.75128E+13,1,2021,1,2020,4,12,15
12/14/20,2.13509E+13,6.03972E+12,2.73907E+13,1,2021,1,2020,4,12,14
12/11/20,2.13511E+13,6.03429E+12,2.73854E+13,1,2021,1,2020,4,12,11
12/10/20,2.13514E+13,6.03441E+12,2.73858E+13,1,2021,1,2020,4,12,10
12/9/20,2.13542E+13,6.0509E+12,2.74051E+13,1,2021,1,2020,4,12,9
12/8/20,2.13544E+13,6.06835E+12,2.74228E+13,1,2021,1,2020,4,12,8
12/7/20,2.13547E+13,6.06004E+12,2.74147E+13,1,2021,1,2020,4,12,7
12/4/20,2.13557E+13,6.05842E+12,2.74141E+13,1,2021,1,2020,4,12,4
12/3/20,2.13563E+13,6.05783E+12,2.74141E+13,1,2021,1,2020,4,12,3
12/2/20,2.13419E+13,6.07039E+12,2.74123E+13,1,2021,1,2020,4,12,2
12/1/20,2.13422E+13,6.06388E+12,2.74061E+13,1,2021,1,2020,4,12,1
11/30/20,2.13495E+13,6.09682E+12,2.74463E+13,1,2021,1,2020,4,11,30
11/27/20,2.12186E+13,6.057E+12,2.72756E+13,1,2021,1,2020,4,11,27
11/25/20,2.11976E+13,6.05655E+12,2.72542E+13,1,2021,1,2020,4,11,25
11/24/20,2.11983E+13,6.07173E+12,2.727E+13,1,2021,1,2020,4,11,24
11/23/20,2.1208E+13,6.0464E+12,2.72544E+13,1,2021,1,2020,4,11,23
11/20/20,2.12078E+13,6.03934E+12,2.72472E+13,1,2021,1,2020,4,11,20
11/19/20,2.12078E+13,6.04022E+12,2.72481E+13,1,2021,1,2020,4,11,19
11/18/20,2.12097E+13,6.0369E+12,2.72466E+13,1,2021,1,2020,4,11,18
11/17/20,2.12092E+13,6.05276E+12,2.7262E+13,1,2021,1,2020,4,11,17
11/16/20,2.12177E+13,6.04004E+12,2.72577E+13,1,2021,1,2020,4,11,16
11/13/20,2.11572E+13,6.03457E+12,2.71918E+13,1,2021,1,2020,4,11,13
11/12/20,2.11572E+13,6.03301E+12,2.71902E+13,1,2021,1,2020,4,11,12
11/10/20,2.11631E+13,6.03459E+12,2.71977E+13,1,2021,1,2020,4,11,10
11/9/20,2.11737E+13,6.04621E+12,2.72199E+13,1,2021,1,2020,4,11,9
11/6/20,2.11721E+13,6.04236E+12,2.72145E+13,1,2021,1,2020,4,11,6
11/5/20,2.11725E+13,6.04449E+12,2.7217E+13,1,2021,1,2020,4,11,5
11/4/20,2.1159E+13,6.03801E+12,2.7197E+13,1,2021,1,2020,4,11,4
11/3/20,2.11585E+13,6.03807E+12,2.71966E+13,1,2021,1,2020,4,11,3
11/2/20,2.11662E+13,6.03714E+12,2.72034E+13,1,2021,1,2020,4,11,2
10/30/20,2.1097E+13,6.03852E+12,2.71355E+13,1,2021,1,2020,4,10,30
10/29/20,2.10798E+13,6.08972E+12,2.71695E+13,1,2021,1,2020,4,10,29
10/28/20,2.10762E+13,6.0912E+12,2.71674E+13,1,2021,1,2020,4,10,28
10/27/20,2.10743E+13,6.10153E+12,2.71759E+13,1,2021,1,2020,4,10,27
10/26/20,2.10831E+13,6.09687E+12,2.718E+13,1,2021,1,2020,4,10,26
10/23/20,2.1084E+13,6.07949E+12,2.71635E+13,1,2021,1,2020,4,10,23
10/22/20,2.10844E+13,6.06646E+12,2.71508E+13,1,2021,1,2020,4,10,22
10/21/20,2.10905E+13,6.05031E+12,2.71408E+13,1,2021,1,2020,4,10,21
10/20/20,2.10893E+13,6.06605E+12,2.71553E+13,1,2021,1,2020,4,10,20
10/19/20,2.1098E+13,6.05973E+12,2.71577E+13,1,2021,1,2020,4,10,19
10/16/20,2.10976E+13,6.05072E+12,2.71483E+13,1,2021,1,2020,4,10,16
10/15/20,2.10974E+13,6.04626E+12,2.71437E+13,1,2021,1,2020,4,10,15
10/14/20,2.1018E+13,6.03991E+12,2.70579E+13,1,2021,1,2020,4,10,14
10/13/20,2.10169E+13,6.0502E+12,2.70671E+13,1,2021,1,2020,4,10,13
10/9/20,2.1025E+13,6.04763E+12,2.70727E+13,1,2021,1,2020,4,10,9
10/8/20,2.10254E+13,6.04768E+12,2.70731E+13,1,2021,1,2020,4,10,8
10/7/20,2.10105E+13,6.04253E+12,2.7053E+13,1,2021,1,2020,4,10,7
10/6/20,2.10084E+13,6.04381E+12,2.70522E+13,1,2021,1,2020,4,10,6
10/5/20,2.10164E+13,6.03473E+12,2.70511E+13,1,2021,1,2020,4,10,5
10/2/20,2.10154E+13,6.02931E+12,2.70447E+13,1,2021,1,2020,4,10,2
10/1/20,2.10153E+13,6.0116E+12,2.70269E+13,1,2021,1,2020,4,10,1
9/30/20,2.1019E+13,5.92644E+12,2.69454E+13,1,2020,4,2020,3,9,30
9/29/20,2.09037E+13,5.88669E+12,2.67904E+13,1,2020,4,2020,3,9,29
9/28/20,2.0913E+13,5.89845E+12,2.68114E+13,1,2020,4,2020,3,9,28
9/25/20,2.09136E+13,5.89728E+12,2.68109E+13,1,2020,4,2020,3,9,25
9/24/20,2.08911E+13,5.89502E+12,2.67861E+13,1,2020,4,2020,3,9,24
9/23/20,2.08905E+13,5.88734E+12,2.67778E+13,1,2020,4,2020,3,9,23
9/22/20,2.08904E+13,5.90058E+12,2.6791E+13,1,2020,4,2020,3,9,22
9/21/20,2.09035E+13,5.89115E+12,2.67947E+13,1,2020,4,2020,3,9,21
9/18/20,2.09031E+13,5.88726E+12,2.67904E+13,1,2020,4,2020,3,9,18
9/17/20,2.09027E+13,5.88771E+12,2.67904E+13,1,2020,4,2020,3,9,17
9/16/20,2.09011E+13,5.88047E+12,2.67815E+13,1,2020,4,2020,3,9,16
9/15/20,2.08992E+13,5.89132E+12,2.67905E+13,1,2020,4,2020,3,9,15
9/14/20,2.08353E+13,5.87975E+12,2.67151E+13,1,2020,4,2020,3,9,14
9/11/20,2.08345E+13,5.87639E+12,2.67109E+13,1,2020,4,2020,3,9,11
9/10/20,2.0834E+13,5.87556E+12,2.67095E+13,1,2020,4,2020,3,9,10
9/9/20,2.08182E+13,5.87899E+12,2.66972E+13,1,2020,4,2020,3,9,9
9/8/20,2.0814E+13,5.88534E+12,2.66994E+13,1,2020,4,2020,3,9,8
9/4/20,2.08435E+13,5.87981E+12,2.67233E+13,1,2020,4,2020,3,9,4
9/3/20,2.08426E+13,5.88003E+12,2.67227E+13,1,2020,4,2020,3,9,3
9/2/20,2.08329E+13,5.87858E+12,2.67115E+13,1,2020,4,2020,3,9,2
9/1/20,2.08318E+13,5.87112E+12,2.6703E+13,1,2020,4,2020,3,9,1
8/31/20,2.0822E+13,5.9068E+12,2.67288E+13,1,2020,4,2020,3,8,31
8/28/20,2.07284E+13,5.90851E+12,2.66369E+13,1,2020,4,2020,3,8,28
8/27/20,2.0706E+13,5.90961E+12,2.66157E+13,1,2020,4,2020,3,8,27
8/26/20,2.06992E+13,5.90981E+12,2.6609E+13,1,2020,4,2020,3,8,26
8/25/20,2.06989E+13,5.9274E+12,2.66263E+13,1,2020,4,2020,3,8,25
8/24/20,2.0687E+13,5.91306E+12,2.66001E+13,1,2020,4,2020,3,8,24
8/21/20,2.06863E+13,5.91067E+12,2.6597E+13,1,2020,4,2020,3,8,21
8/20/20,2.0686E+13,5.90955E+12,2.65956E+13,1,2020,4,2020,3,8,20
8/19/20,2.06778E+13,5.9003E+12,2.65781E+13,1,2020,4,2020,3,8,19
8/18/20,2.06773E+13,5.91766E+12,2.6595E+13,1,2020,4,2020,3,8,18
8/17/20,2.06758E+13,5.90406E+12,2.65798E+13,1,2020,4,2020,3,8,17
8/14/20,2.06147E+13,5.894E+12,2.65087E+13,1,2020,4,2020,3,8,14
8/13/20,2.06143E+13,5.89539E+12,2.65097E+13,1,2020,4,2020,3,8,13
8/12/20,2.05956E+13,5.89318E+12,2.64888E+13,1,2020,4,2020,3,8,12
8/11/20,2.05936E+13,5.90959E+12,2.65031E+13,1,2020,4,2020,3,8,11
8/10/20,2.06024E+13,5.90309E+12,2.65055E+13,1,2020,4,2020,3,8,10
8/7/20,2.06014E+13,5.897E+12,2.64984E+13,1,2020,4,2020,3,8,7
8/6/20,2.06012E+13,5.8971E+12,2.64983E+13,1,2020,4,2020,3,8,6
8/5/20,2.06087E+13,5.89558E+12,2.65043E+13,1,2020,4,2020,3,8,5
8/4/20,2.06071E+13,5.89612E+12,2.65032E+13,1,2020,4,2020,3,8,4
8/3/20,2.06316E+13,5.87952E+12,2.65112E+13,1,2020,4,2020,3,8,3
7/31/20,2.06344E+13,5.89055E+12,2.6525E+13,1,2020,4,2020,3,7,31
7/30/20,2.0572E+13,5.93334E+12,2.65053E+13,1,2020,4,2020,3,7,30
7/29/20,2.05844E+13,5.93599E+12,2.65204E+13,1,2020,4,2020,3,7,29
7/28/20,2.05841E+13,5.93744E+12,2.65215E+13,1,2020,4,2020,3,7,28
7/27/20,2.06138E+13,5.93286E+12,2.65467E+13,1,2020,4,2020,3,7,27
7/24/20,2.0614E+13,5.92281E+12,2.65368E+13,1,2020,4,2020,3,7,24
7/23/20,2.06141E+13,5.92479E+12,2.65389E+13,1,2020,4,2020,3,7,23
7/22/20,2.05712E+13,5.92057E+12,2.64918E+13,1,2020,4,2020,3,7,22
7/21/20,2.05688E+13,5.93709E+12,2.65059E+13,1,2020,4,2020,3,7,21
7/20/20,2.06123E+13,5.92186E+12,2.65341E+13,1,2020,4,2020,3,7,20
7/17/20,2.06122E+13,5.92015E+12,2.65324E+13,1,2020,4,2020,3,7,17
7/16/20,2.06119E+13,5.91734E+12,2.65293E+13,1,2020,4,2020,3,7,16
7/15/20,2.05744E+13,5.91109E+12,2.64855E+13,1,2020,4,2020,3,7,15
7/14/20,2.05399E+13,5.90978E+12,2.64497E+13,1,2020,4,2020,3,7,14
7/13/20,2.05835E+13,5.90464E+12,2.64881E+13,1,2020,4,2020,3,7,13
7/10/20,2.05836E+13,5.90144E+12,2.64851E+13,1,2020,4,2020,3,7,10
7/9/20,2.05838E+13,5.904E+12,2.64878E+13,1,2020,4,2020,3,7,9
7/8/20,2.05568E+13,5.88998E+12,2.64467E+13,1,2020,4,2020,3,7,8
7/7/20,2.05547E+13,5.90609E+12,2.64608E+13,1,2020,4,2020,3,7,7
7/6/20,2.05588E+13,5.90155E+12,2.64604E+13,1,2020,4,2020,3,7,6
7/3/20,2.05593E+13,5.88862E+12,2.64479E+13,1,2020,4,2020,3,7,3
7/2/20,2.05595E+13,5.89762E+12,2.64571E+13,1,2020,4,2020,3,7,2
7/1/20,2.05243E+13,5.90465E+12,2.6429E+13,1,2020,4,2020,3,7,1
6/30/20,2.05303E+13,5.94696E+12,2.64772E+13,1,2020,3,2020,2,6,30
6/29/20,2.04277E+13,5.89697E+12,2.63246E+13,1,2020,3,2020,2,6,29
6/26/20,2.04282E+13,5.88872E+12,2.63169E+13,1,2020,3,2020,2,6,26
6/25/20,2.04087E+13,5.89252E+12,2.63012E+13,1,2020,3,2020,2,6,25
6/24/20,2.03408E+13,5.89697E+12,2.62378E+13,1,2020,3,2020,2,6,24
6/23/20,2.03403E+13,5.91147E+12,2.62517E+13,1,2020,3,2020,2,6,23
6/22/20,2.03351E+13,5.90871E+12,2.62438E+13,1,2020,3,2020,2,6,22
6/19/20,2.03361E+13,5.90463E+12,2.62407E+13,1,2020,3,2020,2,6,19
6/18/20,2.03279E+13,5.90574E+12,2.62337E+13,1,2020,3,2020,2,6,18
6/17/20,2.02411E+13,5.90337E+12,2.61445E+13,1,2020,3,2020,2,6,17
6/16/20,2.02413E+13,5.91235E+12,2.61536E+13,1,2020,3,2020,2,6,16
6/15/20,2.02305E+13,5.90084E+12,2.61313E+13,1,2020,3,2020,2,6,15
6/12/20,2.01666E+13,5.89585E+12,2.60624E+13,1,2020,3,2020,2,6,12
6/11/20,2.01659E+13,5.89676E+12,2.60627E+13,1,2020,3,2020,2,6,11
6/10/20,2.00963E+13,5.8906E+12,2.59869E+13,1,2020,3,2020,2,6,10
6/9/20,2.00968E+13,5.90699E+12,2.60038E+13,1,2020,3,2020,2,6,9
6/8/20,2.00617E+13,5.89881E+12,2.59605E+13,1,2020,3,2020,2,6,8
6/5/20,2.00313E+13,5.88842E+12,2.59197E+13,1,2020,3,2020,2,6,5
6/4/20,2.00315E+13,5.88854E+12,2.59201E+13,1,2020,3,2020,2,6,4
6/3/20,1.99486E+13,5.88153E+12,2.58301E+13,1,2020,3,2020,2,6,3
6/2/20,1.99487E+13,5.89288E+12,2.58416E+13,1,2020,3,2020,2,6,2
6/1/20,1.98689E+13,5.88259E+12,2.57515E+13,1,2020,3,2020,2,6,1
5/29/20,1.98128E+13,5.93349E+12,2.57463E+13,1,2020,3,2020,2,5,29
5/28/20,1.97658E+13,5.91783E+12,2.56837E+13,1,2020,3,2020,2,5,28
5/27/20,1.96586E+13,5.92458E+12,2.55831E+13,1,2020,3,2020,2,5,27
5/26/20,1.96583E+13,5.94567E+12,2.5604E+13,1,2020,3,2020,2,5,26
5/22/20,1.95689E+13,5.9444E+12,2.55133E+13,1,2020,3,2020,2,5,22
5/21/20,1.95285E+13,5.93829E+12,2.54668E+13,1,2020,3,2020,2,5,21
5/20/20,1.94294E+13,5.93163E+12,2.5361E+13,1,2020,3,2020,2,5,20
5/19/20,1.94277E+13,5.9496E+12,2.53773E+13,1,2020,3,2020,2,5,19
5/18/20,1.93765E+13,5.93489E+12,2.53114E+13,1,2020,3,2020,2,5,18
5/15/20,1.93771E+13,5.92856E+12,2.53056E+13,1,2020,3,2020,2,5,15
5/14/20,1.93404E+13,5.92717E+12,2.52676E+13,1,2020,3,2020,2,5,14
5/13/20,1.92613E+13,5.92745E+12,2.51888E+13,1,2020,3,2020,2,5,13
5/12/20,1.92603E+13,5.9441E+12,2.52044E+13,1,2020,3,2020,2,5,12
5/11/20,1.92189E+13,5.93784E+12,2.51567E+13,1,2020,3,2020,2,5,11
5/8/20,1.9219E+13,5.93409E+12,2.51531E+13,1,2020,3,2020,2,5,8
5/7/20,1.92186E+13,5.92384E+12,2.51424E+13,1,2020,3,2020,2,5,7
5/6/20,1.91486E+13,5.90994E+12,2.50585E+13,1,2020,3,2020,2,5,6
5/5/20,1.91486E+13,5.90935E+12,2.50579E+13,1,2020,3,2020,2,5,5
5/4/20,1.9053E+13,5.89597E+12,2.4949E+13,1,2020,3,2020,2,5,4
5/1/20,1.90536E+13,5.86773E+12,2.49213E+13,1,2020,3,2020,2,5,1
4/30/20,1.90536E+13,5.92055E+12,2.49742E+13,1,2020,3,2020,2,4,30
4/29/20,1.89269E+13,5.92715E+12,2.48541E+13,1,2020,3,2020,2,4,29
4/28/20,1.88699E+13,5.93253E+12,2.48024E+13,1,2020,3,2020,2,4,28
4/27/20,1.87788E+13,5.93349E+12,2.47123E+13,1,2020,3,2020,2,4,27
4/24/20,1.87784E+13,5.93223E+12,2.47106E+13,1,2020,3,2020,2,4,24
4/23/20,1.87778E+13,5.92733E+12,2.47052E+13,1,2020,3,2020,2,4,23
4/22/20,1.86868E+13,5.92254E+12,2.46093E+13,1,2020,3,2020,2,4,22
4/21/20,1.86219E+13,5.9449E+12,2.45668E+13,1,2020,3,2020,2,4,21
4/20/20,1.85237E+13,5.93721E+12,2.44609E+13,1,2020,3,2020,2,4,20
4/17/20,1.85237E+13,5.9342E+12,2.44579E+13,1,2020,3,2020,2,4,17
4/16/20,1.85243E+13,5.94099E+12,2.44653E+13,1,2020,3,2020,2,4,16
4/15/20,1.8441E+13,5.94289E+12,2.43839E+13,1,2020,3,2020,2,4,15
4/14/20,1.83385E+13,5.96328E+12,2.43018E+13,1,2020,3,2020,2,4,14
4/13/20,1.82308E+13,5.96234E+12,2.41931E+13,1,2020,3,2020,2,4,13
4/10/20,1.82307E+13,5.98033E+12,2.42111E+13,1,2020,3,2020,2,4,10
4/9/20,1.82307E+13,5.99094E+12,2.42217E+13,1,2020,3,2020,2,4,9
4/8/20,1.81103E+13,6.00151E+12,2.41118E+13,1,2020,3,2020,2,4,8
4/7/20,1.8005E+13,6.00656E+12,2.40115E+13,1,2020,3,2020,2,4,7
4/6/20,1.79193E+13,5.99795E+12,2.39172E+13,1,2020,3,2020,2,4,6
4/3/20,1.79186E+13,5.98974E+12,2.39083E+13,1,2020,3,2020,2,4,3
4/2/20,1.78342E+13,5.99959E+12,2.38338E+13,1,2020,3,2020,2,4,2
4/1/20,1.77191E+13,5.98318E+12,2.37023E+13,1,2020,3,2020,2,4,1
3/31/20,1.76748E+13,6.0121E+12,2.36869E+13,1,2020,2,2020,1,3,31
3/30/20,1.75547E+13,6.01032E+12,2.35651E+13,1,2020,2,2020,1,3,30
3/27/20,1.75532E+13,5.98181E+12,2.3535E+13,1,2020,2,2020,1,3,27
3/26/20,1.75356E+13,5.9792E+12,2.35148E+13,1,2020,2,2020,1,3,26
3/25/20,1.75308E+13,6.01175E+12,2.35425E+13,1,2020,2,2020,1,3,25
3/24/20,1.75306E+13,6.02099E+12,2.35516E+13,1,2020,2,2020,1,3,24
3/23/20,1.75074E+13,6.01045E+12,2.35179E+13,1,2020,2,2020,1,3,23
3/20/20,1.75064E+13,6.00818E+12,2.35145E+13,1,2020,2,2020,1,3,20
3/19/20,1.75059E+13,6.00973E+12,2.35157E+13,1,2020,2,2020,1,3,19
3/18/20,1.75066E+13,6.00695E+12,2.35136E+13,1,2020,2,2020,1,3,18
3/17/20,1.75061E+13,6.02199E+12,2.35281E+13,1,2020,2,2020,1,3,17
3/16/20,1.74953E+13,6.00551E+12,2.35008E+13,1,2020,2,2020,1,3,16
3/13/20,1.74413E+13,6.00105E+12,2.34424E+13,1,2020,2,2020,1,3,13
3/12/20,1.74385E+13,6.00145E+12,2.34399E+13,1,2020,2,2020,1,3,12
3/11/20,1.74849E+13,5.99818E+12,2.3483E+13,1,2020,2,2020,1,3,11
3/10/20,1.74843E+13,6.01444E+12,2.34987E+13,1,2020,2,2020,1,3,10
3/9/20,1.74702E+13,6.00329E+12,2.34735E+13,1,2020,2,2020,1,3,9
3/6/20,1.747E+13,5.99867E+12,2.34687E+13,1,2020,2,2020,1,3,6
3/5/20,1.74694E+13,5.99979E+12,2.34692E+13,1,2020,2,2020,1,3,5
3/4/20,1.74639E+13,5.99666E+12,2.34606E+13,1,2020,2,2020,1,3,4
3/3/20,1.74586E+13,5.9962E+12,2.34548E+13,1,2020,2,2020,1,3,3
3/2/20,1.74456E+13,5.9952E+12,2.34408E+13,1,2020,2,2020,1,3,2
2/28/20,1.7413E+13,5.99691E+12,2.341E+13,1,2020,2,2020,1,2,28
2/27/20,1.73878E+13,6.03488E+12,2.34227E+13,1,2020,2,2020,1,2,27
2/26/20,1.73892E+13,6.03741E+12,2.34266E+13,1,2020,2,2020,1,2,26
2/25/20,1.73892E+13,6.04965E+12,2.34388E+13,1,2020,2,2020,1,2,25
2/24/20,1.73653E+13,6.04099E+12,2.34063E+13,1,2020,2,2020,1,2,24
2/21/20,1.73655E+13,6.03258E+12,2.3398E+13,1,2020,2,2020,1,2,21
2/20/20,1.73646E+13,6.028E+12,2.33926E+13,1,2020,2,2020,1,2,20
2/19/20,1.73257E+13,6.02752E+12,2.33532E+13,1,2020,2,2020,1,2,19
2/18/20,1.73251E+13,6.02595E+12,2.3351E+13,1,2020,2,2020,1,2,18
2/14/20,1.72883E+13,6.01652E+12,2.33048E+13,1,2020,2,2020,1,2,14
2/13/20,1.72883E+13,6.01701E+12,2.33053E+13,1,2020,2,2020,1,2,13
2/12/20,1.72597E+13,6.01441E+12,2.32741E+13,1,2020,2,2020,1,2,12
2/11/20,1.72598E+13,6.03057E+12,2.32903E+13,1,2020,2,2020,1,2,11
2/10/20,1.72337E+13,6.02268E+12,2.32564E+13,1,2020,2,2020,1,2,10
2/7/20,1.72339E+13,6.01717E+12,2.3251E+13,1,2020,2,2020,1,2,7
2/6/20,1.72336E+13,6.0193E+12,2.32529E+13,1,2020,2,2020,1,2,6
2/5/20,1.72319E+13,6.01466E+12,2.32465E+13,1,2020,2,2020,1,2,5
2/4/20,1.72313E+13,6.01434E+12,2.32457E+13,1,2020,2,2020,1,2,4
2/3/20,1.72106E+13,5.99532E+12,2.32059E+13,1,2020,2,2020,1,2,3
1/31/20,1.72126E+13,6.01118E+12,2.32238E+13,1,2020,2,2020,1,1,31
1/30/20,1.71943E+13,6.05729E+12,2.32516E+13,1,2020,2,2020,1,1,30
1/29/20,1.71888E+13,6.05625E+12,2.32451E+13,1,2020,2,2020,1,1,29
1/28/20,1.71884E+13,6.05557E+12,2.32439E+13,1,2020,2,2020,1,1,28
1/27/20,1.71763E+13,6.04608E+12,2.32224E+13,1,2020,2,2020,1,1,27
1/24/20,1.71764E+13,6.03328E+12,2.32097E+13,1,2020,2,2020,1,1,24
1/23/20,1.71762E+13,6.03044E+12,2.32066E+13,1,2020,2,2020,1,1,23
1/22/20,1.71769E+13,6.0283E+12,2.32052E+13,1,2020,2,2020,1,1,22
1/21/20,1.7177E+13,6.03337E+12,2.32104E+13,1,2020,2,2020,1,1,21
1/17/20,1.71813E+13,6.02989E+12,2.32112E+13,1,2020,2,2020,1,1,17
1/16/20,1.71811E+13,6.02321E+12,2.32043E+13,1,2020,2,2020,1,1,16
1/15/20,1.71782E+13,6.01591E+12,2.31941E+13,1,2020,2,2020,1,1,15
1/14/20,1.71472E+13,6.02179E+12,2.3169E+13,1,2020,2,2020,1,1,14
1/13/20,1.71567E+13,6.01307E+12,2.31698E+13,1,2020,2,2020,1,1,13
1/10/20,1.71567E+13,6.01042E+12,2.31672E+13,1,2020,2,2020,1,1,10
1/9/20,1.7157E+13,6.01095E+12,2.31679E+13,1,2020,2,2020,1,1,9
1/8/20,1.71578E+13,6.0049E+12,2.31628E+13,1,2020,2,2020,1,1,8
1/7/20,1.71567E+13,6.0202E+12,2.31769E+13,1,2020,2,2020,1,1,7
1/6/20,1.71647E+13,6.01249E+12,2.31771E+13,1,2020,2,2020,1,1,6
1/3/20,1.71633E+13,6.00712E+12,2.31704E+13,1,2020,2,2020,1,1,3
1/2/20,1.71624E+13,6.00959E+12,2.3172E+13,1,2020,2,2020,1,1,2
12/31/19,1.71704E+13,6.03094E+12,2.32014E+13,1,2020,1,2019,4,12,31
12/30/19,1.71337E+13,5.97514E+12,2.31088E+13,1,2020,1,2019,4,12,30
12/27/19,1.71332E+13,5.97459E+12,2.31078E+13,1,2020,1,2019,4,12,27
12/26/19,1.71149E+13,5.9724E+12,2.30873E+13,1,2020,1,2019,4,12,26
12/24/19,1.7116E+13,5.96394E+12,2.308E+13,1,2020,1,2019,4,12,24
12/23/19,1.71323E+13,5.98191E+12,2.31142E+13,1,2020,1,2019,4,12,23
12/20/19,1.71314E+13,5.95527E+12,2.30867E+13,1,2020,1,2019,4,12,20
12/19/19,1.71316E+13,5.95601E+12,2.30876E+13,1,2020,1,2019,4,12,19
12/18/19,1.71327E+13,5.96686E+12,2.30996E+13,1,2020,1,2019,4,12,18
12/17/19,1.71303E+13,5.98112E+12,2.31115E+13,1,2020,1,2019,4,12,17
12/16/19,1.71416E+13,5.96656E+12,2.31082E+13,1,2020,1,2019,4,12,16
12/13/19,1.70888E+13,5.96165E+12,2.30504E+13,1,2020,1,2019,4,12,13
12/12/19,1.70888E+13,5.96494E+12,2.30537E+13,1,2020,1,2019,4,12,12
12/11/19,1.71059E+13,5.96347E+12,2.30694E+13,1,2020,1,2019,4,12,11
12/10/19,1.71046E+13,5.9785E+12,2.30831E+13,1,2020,1,2019,4,12,10
12/9/19,1.71234E+13,5.97359E+12,2.3097E+13,1,2020,1,2019,4,12,9
12/6/19,1.71232E+13,5.96684E+12,2.30901E+13,1,2020,1,2019,4,12,6
12/5/19,1.71226E+13,5.96853E+12,2.30911E+13,1,2020,1,2019,4,12,5
12/4/19,1.71237E+13,5.96618E+12,2.30899E+13,1,2020,1,2019,4,12,4
12/3/19,1.71224E+13,5.96583E+12,2.30883E+13,1,2020,1,2019,4,12,3
12/2/19,1.71339E+13,5.97107E+12,2.3105E+13,1,2020,1,2019,4,12,2
11/29/19,1.71054E+13,5.97078E+12,2.30762E+13,1,2020,1,2019,4,11,29
11/27/19,1.70724E+13,6.00371E+12,2.30761E+13,1,2020,1,2019,4,11,27
11/26/19,1.70713E+13,6.02193E+12,2.30932E+13,1,2020,1,2019,4,11,26
11/25/19,1.70603E+13,6.01242E+12,2.30727E+13,1,2020,1,2019,4,11,25
11/22/19,1.70598E+13,6.01202E+12,2.30718E+13,1,2020,1,2019,4,11,22
11/21/19,1.70591E+13,5.99211E+12,2.30512E+13,1,2020,1,2019,4,11,21
11/20/19,1.70503E+13,6.00313E+12,2.30534E+13,1,2020,1,2019,4,11,20
11/19/19,1.70484E+13,6.01782E+12,2.30662E+13,1,2020,1,2019,4,11,19
11/18/19,1.70459E+13,6.00493E+12,2.30508E+13,1,2020,1,2019,4,11,18
11/15/19,1.70451E+13,5.99858E+12,2.30437E+13,1,2020,1,2019,4,11,15
11/14/19,1.70221E+13,5.99452E+12,2.30167E+13,1,2020,1,2019,4,11,14
11/13/19,1.70099E+13,5.99492E+12,2.30049E+13,1,2020,1,2019,4,11,13
11/12/19,1.70098E+13,6.00532E+12,2.30151E+13,1,2020,1,2019,4,11,12
11/8/19,1.70046E+13,6.00175E+12,2.30063E+13,1,2020,1,2019,4,11,8
11/7/19,1.70047E+13,5.99937E+12,2.3004E+13,1,2020,1,2019,4,11,7
11/6/19,1.69903E+13,5.99549E+12,2.29858E+13,1,2020,1,2019,4,11,6
11/5/19,1.69901E+13,5.99588E+12,2.2986E+13,1,2020,1,2019,4,11,5
11/4/19,1.69792E+13,5.9865E+12,2.29657E+13,1,2020,1,2019,4,11,4
11/1/19,1.69791E+13,5.9741E+12,2.29532E+13,1,2020,1,2019,4,11,1
10/31/19,1.69813E+13,6.0271E+12,2.30084E+13,1,2020,1,2019,4,10,31
10/30/19,1.69318E+13,6.03146E+12,2.29632E+13,1,2020,1,2019,4,10,30
10/29/19,1.69308E+13,6.03553E+12,2.29663E+13,1,2020,1,2019,4,10,29
10/28/19,1.69195E+13,6.03107E+12,2.29505E+13,1,2020,1,2019,4,10,28
10/25/19,1.69193E+13,6.02965E+12,2.29489E+13,1,2020,1,2019,4,10,25
10/24/19,1.69193E+13,6.02385E+12,2.29432E+13,1,2020,1,2019,4,10,24
10/23/19,1.69047E+13,6.02194E+12,2.29266E+13,1,2020,1,2019,4,10,23
10/22/19,1.69033E+13,6.03764E+12,2.29409E+13,1,2020,1,2019,4,10,22
10/21/19,1.6893E+13,6.02949E+12,2.29225E+13,1,2020,1,2019,4,10,21
10/18/19,1.68931E+13,6.02575E+12,2.29189E+13,1,2020,1,2019,4,10,18
10/17/19,1.68932E+13,6.02562E+12,2.29188E+13,1,2020,1,2019,4,10,17
10/16/19,1.6877E+13,6.02082E+12,2.28978E+13,1,2020,1,2019,4,10,16
10/15/19,1.68755E+13,6.0274E+12,2.29029E+13,1,2020,1,2019,4,10,15
10/11/19,1.68255E+13,6.01814E+12,2.28436E+13,1,2020,1,2019,4,10,11
10/10/19,1.68255E+13,6.0172E+12,2.28427E+13,1,2020,1,2019,4,10,10
10/9/19,1.68087E+13,6.01517E+12,2.28239E+13,1,2020,1,2019,4,10,9
10/8/19,1.68087E+13,6.03065E+12,2.28394E+13,1,2020,1,2019,4,10,8
10/7/19,1.68177E+13,6.01924E+12,2.28369E+13,1,2020,1,2019,4,10,7
10/4/19,1.68177E+13,6.01676E+12,2.28344E+13,1,2020,1,2019,4,10,4
10/3/19,1.68181E+13,6.01135E+12,2.28295E+13,1,2020,1,2019,4,10,3
10/2/19,1.68043E+13,6.02327E+12,2.28275E+13,1,2020,1,2019,4,10,2
10/1/19,1.68032E+13,5.99525E+12,2.27985E+13,1,2020,1,2019,4,10,1
9/30/19,1.68091E+13,5.91031E+12,2.27194E+13,1,2019,4,2019,3,9,30
9/27/19,1.67644E+13,5.85829E+12,2.26227E+13,1,2019,4,2019,3,9,27
9/26/19,1.67463E+13,5.86362E+12,2.261E+13,1,2019,4,2019,3,9,26
9/25/19,1.67335E+13,5.87396E+12,2.26074E+13,1,2019,4,2019,3,9,25
9/24/19,1.67333E+13,5.88944E+12,2.26228E+13,1,2019,4,2019,3,9,24
9/23/19,1.67373E+13,5.8732E+12,2.26105E+13,1,2019,4,2019,3,9,23
9/20/19,1.67367E+13,5.86889E+12,2.26056E+13,1,2019,4,2019,3,9,20
9/19/19,1.67365E+13,5.87374E+12,2.26102E+13,1,2019,4,2019,3,9,19
9/18/19,1.67232E+13,5.86697E+12,2.25902E+13,1,2019,4,2019,3,9,18
9/17/19,1.67228E+13,5.88017E+12,2.26029E+13,1,2019,4,2019,3,9,17
9/16/19,1.67205E+13,5.86582E+12,2.25863E+13,1,2019,4,2019,3,9,16
9/13/19,1.67008E+13,5.8568E+12,2.25576E+13,1,2019,4,2019,3,9,13
9/12/19,1.67004E+13,5.85737E+12,2.25578E+13,1,2019,4,2019,3,9,12
9/11/19,1.66849E+13,5.85459E+12,2.25395E+13,1,2019,4,2019,3,9,11
9/10/19,1.66848E+13,5.8733E+12,2.25581E+13,1,2019,4,2019,3,9,10
9/9/19,1.66739E+13,5.86356E+12,2.25374E+13,1,2019,4,2019,3,9,9
9/6/19,1.66734E+13,5.85934E+12,2.25328E+13,1,2019,4,2019,3,9,6
9/5/19,1.66733E+13,5.85851E+12,2.25318E+13,1,2019,4,2019,3,9,5
9/4/19,1.66605E+13,5.85676E+12,2.25173E+13,1,2019,4,2019,3,9,4
9/3/19,1.66603E+13,5.83874E+12,2.2499E+13,1,2019,4,2019,3,9,3
8/30/19,1.65968E+13,5.86365E+12,2.24605E+13,1,2019,4,2019,3,8,30
8/29/19,1.65704E+13,5.8974E+12,2.24678E+13,1,2019,4,2019,3,8,29
8/28/19,1.65575E+13,5.89932E+12,2.24568E+13,1,2019,4,2019,3,8,28
8/27/19,1.65571E+13,5.91522E+12,2.24724E+13,1,2019,4,2019,3,8,27
8/26/19,1.65321E+13,5.9087E+12,2.24408E+13,1,2019,4,2019,3,8,26
8/23/19,1.6532E+13,5.89885E+12,2.24308E+13,1,2019,4,2019,3,8,23
8/22/19,1.65317E+13,5.89893E+12,2.24307E+13,1,2019,4,2019,3,8,22
8/21/19,1.65179E+13,5.89671E+12,2.24146E+13,1,2019,4,2019,3,8,21
8/20/19,1.65169E+13,5.91115E+12,2.2428E+13,1,2019,4,2019,3,8,20
8/19/19,1.64915E+13,5.90486E+12,2.23963E+13,1,2019,4,2019,3,8,19
8/16/19,1.64914E+13,5.89812E+12,2.23896E+13,1,2019,4,2019,3,8,16
8/15/19,1.64915E+13,5.8939E+12,2.23854E+13,1,2019,4,2019,3,8,15
8/14/19,1.64572E+13,5.88494E+12,2.23421E+13,1,2019,4,2019,3,8,14
8/13/19,1.64577E+13,5.90167E+12,2.23593E+13,1,2019,4,2019,3,8,13
8/12/19,1.64374E+13,5.89394E+12,2.23313E+13,1,2019,4,2019,3,8,12
8/9/19,1.64372E+13,5.88933E+12,2.23265E+13,1,2019,4,2019,3,8,9
8/8/19,1.64375E+13,5.89043E+12,2.23279E+13,1,2019,4,2019,3,8,8
8/7/19,1.6437E+13,5.88454E+12,2.23215E+13,1,2019,4,2019,3,8,7
8/6/19,1.64376E+13,5.88486E+12,2.23224E+13,1,2019,4,2019,3,8,6
8/5/19,1.64421E+13,5.87893E+12,2.2321E+13,1,2019,4,2019,3,8,5
8/2/19,1.64406E+13,5.87367E+12,2.23143E+13,1,2019,4,2019,3,8,2
8/1/19,1.62466E+13,5.77615E+12,2.20228E+13,1,2019,4,2019,3,8,1
7/31/19,1.62112E+13,5.81118E+12,2.20224E+13,1,2019,4,2019,3,7,31
7/30/19,1.62135E+13,5.80886E+12,2.20224E+13,1,2019,4,2019,3,7,30
7/29/19,1.62166E+13,5.80578E+12,2.20224E+13,1,2019,4,2019,3,7,29
7/26/19,1.62198E+13,5.80302E+12,2.20228E+13,1,2019,4,2019,3,7,26
7/25/19,1.62175E+13,5.80542E+12,2.20229E+13,1,2019,4,2019,3,7,25
7/24/19,1.62166E+13,5.80595E+12,2.20225E+13,1,2019,4,2019,3,7,24
7/23/19,1.62039E+13,5.81881E+12,2.20227E+13,1,2019,4,2019,3,7,23
7/22/19,1.6211E+13,5.81167E+12,2.20227E+13,1,2019,4,2019,3,7,22
7/19/19,1.62149E+13,5.80817E+12,2.20231E+13,1,2019,4,2019,3,7,19
7/18/19,1.62157E+13,5.8076E+12,2.20233E+13,1,2019,4,2019,3,7,18
7/17/19,1.62159E+13,5.8065E+12,2.20224E+13,1,2019,4,2019,3,7,17
7/16/19,1.62049E+13,5.81761E+12,2.20225E+13,1,2019,4,2019,3,7,16
7/15/19,1.62121E+13,5.81039E+12,2.20225E+13,1,2019,4,2019,3,7,15
7/12/19,1.62178E+13,5.8051E+12,2.20229E+13,1,2019,4,2019,3,7,12
7/11/19,1.62174E+13,5.80565E+12,2.20231E+13,1,2019,4,2019,3,7,11
7/10/19,1.62199E+13,5.80273E+12,2.20227E+13,1,2019,4,2019,3,7,10
7/9/19,1.62025E+13,5.82037E+12,2.20228E+13,1,2019,4,2019,3,7,9
7/8/19,1.621E+13,5.81275E+12,2.20228E+13,1,2019,4,2019,3,7,8
7/5/19,1.62121E+13,5.81115E+12,2.20233E+13,1,2019,4,2019,3,7,5
7/3/19,1.62159E+13,5.80706E+12,2.2023E+13,1,2019,4,2019,3,7,3
7/2/19,1.62008E+13,5.82234E+12,2.20232E+13,1,2019,4,2019,3,7,2
7/1/19,1.62141E+13,5.80902E+12,2.20231E+13,1,2019,4,2019,3,7,1
6/28/19,1.61884E+13,5.83486E+12,2.20233E+13,1,2019,3,2019,2,6,28
6/27/19,1.61617E+13,5.86404E+12,2.20257E+13,1,2019,3,2019,2,6,27
6/26/19,1.61617E+13,5.86362E+12,2.20253E+13,1,2019,3,2019,2,6,26
6/25/19,1.61498E+13,5.87571E+12,2.20255E+13,1,2019,3,2019,2,6,25
6/24/19,1.61573E+13,5.86813E+12,2.20254E+13,1,2019,3,2019,2,6,24
6/21/19,1.61671E+13,5.85884E+12,2.20259E+13,1,2019,3,2019,2,6,21
6/20/19,1.61689E+13,5.85714E+12,2.20261E+13,1,2019,3,2019,2,6,20
6/19/19,1.61733E+13,5.85181E+12,2.20251E+13,1,2019,3,2019,2,6,19
6/18/19,1.61605E+13,5.8648E+12,2.20253E+13,1,2019,3,2019,2,6,18
6/17/19,1.6181E+13,5.84429E+12,2.20253E+13,1,2019,3,2019,2,6,17
6/14/19,1.61905E+13,5.83528E+12,2.20257E+13,1,2019,3,2019,2,6,14
6/13/19,1.61876E+13,5.83834E+12,2.20259E+13,1,2019,3,2019,2,6,13
6/12/19,1.61902E+13,5.83522E+12,2.20255E+13,1,2019,3,2019,2,6,12
6/11/19,1.61767E+13,5.84889E+12,2.20256E+13,1,2019,3,2019,2,6,11
6/10/19,1.61838E+13,5.84184E+12,2.20256E+13,1,2019,3,2019,2,6,10
6/7/19,1.61978E+13,5.82826E+12,2.20261E+13,1,2019,3,2019,2,6,7
6/6/19,1.61975E+13,5.82878E+12,2.20263E+13,1,2019,3,2019,2,6,6
6/5/19,1.6202E+13,5.82378E+12,2.20258E+13,1,2019,3,2019,2,6,5
6/4/19,1.62074E+13,5.81857E+12,2.2026E+13,1,2019,3,2019,2,6,4
6/3/19,1.62217E+13,5.80418E+12,2.20259E+13,1,2019,3,2019,2,6,3
5/31/19,1.62023E+13,5.82414E+12,2.20264E+13,1,2019,3,2019,2,5,31
5/30/19,1.61679E+13,5.85957E+12,2.20274E+13,1,2019,3,2019,2,5,30
5/29/19,1.61818E+13,5.8452E+12,2.2027E+13,1,2019,3,2019,2,5,29
5/28/19,1.61875E+13,5.83961E+12,2.20271E+13,1,2019,3,2019,2,5,28
5/24/19,1.6189E+13,5.83857E+12,2.20276E+13,1,2019,3,2019,2,5,24
5/23/19,1.61939E+13,5.83389E+12,2.20277E+13,1,2019,3,2019,2,5,23
5/22/19,1.61904E+13,5.8363E+12,2.20267E+13,1,2019,3,2019,2,5,22
5/21/19,1.61757E+13,5.85113E+12,2.20268E+13,1,2019,3,2019,2,5,21
5/20/19,1.61831E+13,5.84366E+12,2.20268E+13,1,2019,3,2019,2,5,20
5/17/19,1.61872E+13,5.84011E+12,2.20273E+13,1,2019,3,2019,2,5,17
5/16/19,1.61906E+13,5.83684E+12,2.20275E+13,1,2019,3,2019,2,5,16
5/15/19,1.61942E+13,5.83277E+12,2.2027E+13,1,2019,3,2019,2,5,15
5/14/19,1.61809E+13,5.84624E+12,2.20271E+13,1,2019,3,2019,2,5,14
5/13/19,1.61863E+13,5.84076E+12,2.20271E+13,1,2019,3,2019,2,5,13
5/10/19,1.61901E+13,5.83745E+12,2.20276E+13,1,2019,3,2019,2,5,10
5/9/19,1.61894E+13,5.83838E+12,2.20278E+13,1,2019,3,2019,2,5,9
5/8/19,1.61921E+13,5.83513E+12,2.20273E+13,1,2019,3,2019,2,5,8
5/7/19,1.61797E+13,5.84775E+12,2.20274E+13,1,2019,3,2019,2,5,7
5/6/19,1.61873E+13,5.83999E+12,2.20273E+13,1,2019,3,2019,2,5,6
5/3/19,1.61971E+13,5.83069E+12,2.20278E+13,1,2019,3,2019,2,5,3
5/2/19,1.61845E+13,5.84347E+12,2.2028E+13,1,2019,3,2019,2,5,2
5/1/19,1.62004E+13,5.82707E+12,2.20275E+13,1,2019,3,2019,2,5,1
4/30/19,1.61928E+13,5.83488E+12,2.20277E+13,1,2019,3,2019,2,4,30
4/29/19,1.61676E+13,5.85962E+12,2.20272E+13,1,2019,3,2019,2,4,29
4/26/19,1.61684E+13,5.8593E+12,2.20277E+13,1,2019,3,2019,2,4,26
4/25/19,1.61689E+13,5.85902E+12,2.20279E+13,1,2019,3,2019,2,4,25
4/24/19,1.61694E+13,5.85731E+12,2.20268E+13,1,2019,3,2019,2,4,24
4/23/19,1.61645E+13,5.86241E+12,2.20269E+13,1,2019,3,2019,2,4,23
4/22/19,1.61792E+13,5.84769E+12,2.20269E+13,1,2019,3,2019,2,4,22
4/19/19,1.61859E+13,5.84147E+12,2.20274E+13,1,2019,3,2019,2,4,19
4/18/19,1.61875E+13,5.84004E+12,2.20275E+13,1,2019,3,2019,2,4,18
4/17/19,1.61946E+13,5.83238E+12,2.2027E+13,1,2019,3,2019,2,4,17
4/16/19,1.61879E+13,5.83931E+12,2.20272E+13,1,2019,3,2019,2,4,16
4/15/19,1.61989E+13,5.82826E+12,2.20271E+13,1,2019,3,2019,2,4,15
4/12/19,1.62192E+13,5.80843E+12,2.20277E+13,1,2019,3,2019,2,4,12
4/11/19,1.62205E+13,5.80739E+12,2.20278E+13,1,2019,3,2019,2,4,11
4/10/19,1.62243E+13,5.80304E+12,2.20273E+13,1,2019,3,2019,2,4,10
4/9/19,1.62099E+13,5.81755E+12,2.20275E+13,1,2019,3,2019,2,4,9
4/8/19,1.62174E+13,5.81E+12,2.20274E+13,1,2019,3,2019,2,4,8
4/5/19,1.62242E+13,5.80373E+12,2.2028E+13,1,2019,3,2019,2,4,5
4/4/19,1.62255E+13,5.80268E+12,2.20281E+13,1,2019,3,2019,2,4,4
4/2/19,1.62287E+13,5.79887E+12,2.20276E+13,1,2019,3,2019,2,4,2
4/1/19,1.62301E+13,5.79761E+12,2.20277E+13,1,2019,3,2019,2,4,1
3/29/19,1.62044E+13,5.82349E+12,2.20279E+13,1,2019,2,2019,1,3,29
3/28/19,1.62412E+13,5.78794E+12,2.20291E+13,1,2019,2,2019,1,3,28
3/27/19,1.62088E+13,5.81911E+12,2.20279E+13,1,2019,2,2019,1,3,27
3/26/19,1.61927E+13,5.83538E+12,2.20281E+13,1,2019,2,2019,1,3,26
3/25/19,1.61988E+13,5.8292E+12,2.2028E+13,1,2019,2,2019,1,3,25
3/22/19,1.62118E+13,5.81671E+12,2.20285E+13,1,2019,2,2019,1,3,22
3/21/19,1.62122E+13,5.81653E+12,2.20287E+13,1,2019,2,2019,1,3,21
3/20/19,1.62162E+13,5.8119E+12,2.20281E+13,1,2019,2,2019,1,3,20
3/19/19,1.62017E+13,5.82652E+12,2.20283E+13,1,2019,2,2019,1,3,19
3/18/19,1.62139E+13,5.81434E+12,2.20282E+13,1,2019,2,2019,1,3,18
3/15/19,1.62186E+13,5.81014E+12,2.20287E+13,1,2019,2,2019,1,3,15
3/14/19,1.62171E+13,5.81176E+12,2.20289E+13,1,2019,2,2019,1,3,14
3/13/19,1.62194E+13,5.80889E+12,2.20283E+13,1,2019,2,2019,1,3,13
3/12/19,1.62038E+13,5.82461E+12,2.20284E+13,1,2019,2,2019,1,3,12
3/11/19,1.62153E+13,5.81305E+12,2.20284E+13,1,2019,2,2019,1,3,11
3/8/19,1.62196E+13,5.80933E+12,2.20289E+13,1,2019,2,2019,1,3,8
3/7/19,1.62202E+13,5.80883E+12,2.20291E+13,1,2019,2,2019,1,3,7
3/6/19,1.62221E+13,5.80631E+12,2.20284E+13,1,2019,2,2019,1,3,6
3/5/19,1.62225E+13,5.80607E+12,2.20285E+13,1,2019,2,2019,1,3,5
3/4/19,1.62221E+13,5.80639E+12,2.20284E+13,1,2019,2,2019,1,3,4
3/1/19,1.62217E+13,5.8072E+12,2.20289E+13,1,2019,2,2019,1,3,1
2/28/19,1.62509E+13,5.86463E+12,2.21155E+13,1,2019,2,2019,1,2,28
2/27/19,1.62119E+13,5.86237E+12,2.20743E+13,1,2019,2,2019,1,2,27
2/26/19,1.62124E+13,5.8776E+12,2.209E+13,1,2019,2,2019,1,2,26
2/25/19,1.6201E+13,5.86614E+12,2.20671E+13,1,2019,2,2019,1,2,25
2/22/19,1.62016E+13,5.86198E+12,2.20636E+13,1,2019,2,2019,1,2,22
2/21/19,1.61838E+13,5.85553E+12,2.20393E+13,1,2019,2,2019,1,2,21
2/20/19,1.61863E+13,5.85344E+12,2.20398E+13,1,2019,2,2019,1,2,20
2/19/19,1.61857E+13,5.85501E+12,2.20407E+13,1,2019,2,2019,1,2,19
2/15/19,1.6171E+13,5.85451E+12,2.20255E+13,1,2019,2,2019,1,2,15
2/14/19,1.61658E+13,5.84976E+12,2.20156E+13,1,2019,2,2019,1,2,14
2/13/19,1.61717E+13,5.84838E+12,2.20201E+13,1,2019,2,2019,1,2,13
2/12/19,1.61722E+13,5.86355E+12,2.20358E+13,1,2019,2,2019,1,2,12
2/11/19,1.61572E+13,5.8556E+12,2.20128E+13,1,2019,2,2019,1,2,11
2/8/19,1.61079E+13,5.84982E+12,2.19577E+13,1,2019,2,2019,1,2,8
2/7/19,1.6108E+13,5.8471E+12,2.19551E+13,1,2019,2,2019,1,2,7
2/6/19,1.61134E+13,5.84418E+12,2.19576E+13,1,2019,2,2019,1,2,6
2/5/19,1.61134E+13,5.84388E+12,2.19573E+13,1,2019,2,2019,1,2,5
2/4/19,1.60984E+13,5.83509E+12,2.19335E+13,1,2019,2,2019,1,2,4
2/1/19,1.60992E+13,5.82243E+12,2.19216E+13,1,2019,2,2019,1,2,1
1/31/19,1.61012E+13,5.8812E+12,2.19824E+13,1,2019,2,2019,1,1,31
1/30/19,1.60931E+13,5.87508E+12,2.19682E+13,1,2019,2,2019,1,1,30
1/29/19,1.60932E+13,5.8801E+12,2.19733E+13,1,2019,2,2019,1,1,29
1/28/19,1.60833E+13,5.87181E+12,2.19551E+13,1,2019,2,2019,1,1,28
1/25/19,1.60841E+13,5.86612E+12,2.19502E+13,1,2019,2,2019,1,1,25
1/24/19,1.60841E+13,5.85713E+12,2.19413E+13,1,2019,2,2019,1,1,24
1/23/19,1.60931E+13,5.85471E+12,2.19478E+13,1,2019,2,2019,1,1,23
1/22/19,1.60931E+13,5.86008E+12,2.19532E+13,1,2019,2,2019,1,1,22
1/18/19,1.60941E+13,5.86082E+12,2.19549E+13,1,2019,2,2019,1,1,18
1/17/19,1.60943E+13,5.86052E+12,2.19548E+13,1,2019,2,2019,1,1,17
1/16/19,1.61093E+13,5.85109E+12,2.19604E+13,1,2019,2,2019,1,1,16
1/15/19,1.61088E+13,5.86121E+12,2.197E+13,1,2019,2,2019,1,1,15
1/14/19,1.60743E+13,5.84571E+12,2.192E+13,1,2019,2,2019,1,1,14
1/11/19,1.60749E+13,5.8423E+12,2.19172E+13,1,2019,2,2019,1,1,11
1/10/19,1.60751E+13,5.84249E+12,2.19176E+13,1,2019,2,2019,1,1,10
1/9/19,1.60902E+13,5.84004E+12,2.19302E+13,1,2019,2,2019,1,1,9
1/8/19,1.60896E+13,5.85184E+12,2.19414E+13,1,2019,2,2019,1,1,8
1/7/19,1.60893E+13,5.8462E+12,2.19355E+13,1,2019,2,2019,1,1,7
1/4/19,1.60896E+13,5.84235E+12,2.1932E+13,1,2019,2,2019,1,1,4
1/3/19,1.60897E+13,5.83952E+12,2.19293E+13,1,2019,2,2019,1,1,3
1/2/19,1.60994E+13,5.8445E+12,2.19439E+13,1,2019,2,2019,1,1,2
12/31/18,1.61017E+13,5.87243E+12,2.19741E+13,1,2019,1,2018,4,12,31
12/28/18,1.60686E+13,5.79875E+12,2.18673E+13,1,2019,1,2018,4,12,28
12/27/18,1.60501E+13,5.79523E+12,2.18453E+13,1,2019,1,2018,4,12,27
12/26/18,1.60644E+13,5.79694E+12,2.18613E+13,1,2019,1,2018,4,12,26
12/24/18,1.60695E+13,5.79305E+12,2.18625E+13,1,2019,1,2018,4,12,24
12/21/18,1.60684E+13,5.8005E+12,2.18689E+13,1,2019,1,2018,4,12,21
12/20/18,1.6068E+13,5.79559E+12,2.18636E+13,1,2019,1,2018,4,12,20
12/19/18,1.60824E+13,5.79083E+12,2.18732E+13,1,2019,1,2018,4,12,19
12/18/18,1.60821E+13,5.80338E+12,2.18855E+13,1,2019,1,2018,4,12,18
12/17/18,1.60864E+13,5.79024E+12,2.18767E+13,1,2019,1,2018,4,12,17
12/14/18,1.60338E+13,5.78718E+12,2.18209E+13,1,2019,1,2018,4,12,14
12/13/18,1.60336E+13,5.78946E+12,2.18231E+13,1,2019,1,2018,4,12,13
12/12/18,1.60489E+13,5.78771E+12,2.18367E+13,1,2019,1,2018,4,12,12
12/11/18,1.60487E+13,5.80106E+12,2.18497E+13,1,2019,1,2018,4,12,11
12/10/18,1.60531E+13,5.80118E+12,2.18543E+13,1,2019,1,2018,4,12,10
12/7/18,1.6053E+13,5.79779E+12,2.18508E+13,1,2019,1,2018,4,12,7
12/6/18,1.6053E+13,5.79856E+12,2.18515E+13,1,2019,1,2018,4,12,6
12/5/18,1.60418E+13,5.79725E+12,2.1839E+13,1,2019,1,2018,4,12,5
12/4/18,1.60416E+13,5.79504E+12,2.18367E+13,1,2019,1,2018,4,12,4
12/3/18,1.6042E+13,5.78214E+12,2.18241E+13,1,2019,1,2018,4,12,3
11/30/18,1.60443E+13,5.80578E+12,2.18501E+13,1,2019,1,2018,4,11,30
11/29/18,1.59854E+13,5.8327E+12,2.18181E+13,1,2019,1,2018,4,11,29
11/28/18,1.5968E+13,5.83391E+12,2.18019E+13,1,2019,1,2018,4,11,28
11/27/18,1.59681E+13,5.84823E+12,2.18164E+13,1,2019,1,2018,4,11,27
11/26/18,1.5968E+13,5.84335E+12,2.18114E+13,1,2019,1,2018,4,11,26
11/23/18,1.59668E+13,5.83606E+12,2.18028E+13,1,2019,1,2018,4,11,23
11/21/18,1.59417E+13,5.8276E+12,2.17693E+13,1,2019,1,2018,4,11,21
11/20/18,1.59416E+13,5.84112E+12,2.17827E+13,1,2019,1,2018,4,11,20
11/19/18,1.59407E+13,5.83144E+12,2.17722E+13,1,2019,1,2018,4,11,19
11/16/18,1.59418E+13,5.82452E+12,2.17664E+13,1,2019,1,2018,4,11,16
11/15/18,1.59417E+13,5.82214E+12,2.17638E+13,1,2019,1,2018,4,11,15
11/14/18,1.59019E+13,5.82386E+12,2.17257E+13,1,2019,1,2018,4,11,14
11/13/18,1.59016E+13,5.83262E+12,2.17342E+13,1,2019,1,2018,4,11,13
11/9/18,1.59012E+13,5.83135E+12,2.17326E+13,1,2019,1,2018,4,11,9
11/8/18,1.59013E+13,5.83217E+12,2.17334E+13,1,2019,1,2018,4,11,8
11/7/18,1.58649E+13,5.82559E+12,2.16904E+13,1,2019,1,2018,4,11,7
11/6/18,1.58651E+13,5.82617E+12,2.16912E+13,1,2019,1,2018,4,11,6
11/5/18,1.58644E+13,5.818E+12,2.16824E+13,1,2019,1,2018,4,11,5
11/2/18,1.58644E+13,5.81225E+12,2.16766E+13,1,2019,1,2018,4,11,2
11/1/18,1.58637E+13,5.82028E+12,2.1684E+13,1,2019,1,2018,4,11,1
10/31/18,1.58433E+13,5.85904E+12,2.17024E+13,1,2019,1,2018,4,10,31
10/30/18,1.58467E+13,5.85331E+12,2.17E+13,1,2019,1,2018,4,10,30
10/29/18,1.58462E+13,5.85135E+12,2.16975E+13,1,2019,1,2018,4,10,29
10/26/18,1.58454E+13,5.8495E+12,2.16949E+13,1,2019,1,2018,4,10,26
10/25/18,1.58452E+13,5.85053E+12,2.16958E+13,1,2019,1,2018,4,10,25
10/24/18,1.58261E+13,5.84499E+12,2.16711E+13,1,2019,1,2018,4,10,24
10/23/18,1.58257E+13,5.85672E+12,2.16824E+13,1,2019,1,2018,4,10,23
10/22/18,1.5825E+13,5.84972E+12,2.16747E+13,1,2019,1,2018,4,10,22
10/19/18,1.58252E+13,5.8463E+12,2.16715E+13,1,2019,1,2018,4,10,19
10/18/18,1.58251E+13,5.84735E+12,2.16725E+13,1,2019,1,2018,4,10,18
10/17/18,1.58096E+13,5.84418E+12,2.16538E+13,1,2019,1,2018,4,10,17
10/16/18,1.58082E+13,5.85355E+12,2.16617E+13,1,2019,1,2018,4,10,16
10/15/18,1.5808E+13,5.84611E+12,2.16542E+13,1,2019,1,2018,4,10,15
10/12/18,1.57587E+13,5.83926E+12,2.15979E+13,1,2019,1,2018,4,10,12
10/11/18,1.57582E+13,5.8318E+12,2.159E+13,1,2019,1,2018,4,10,11
10/10/18,1.5757E+13,5.83739E+12,2.15944E+13,1,2019,1,2018,4,10,10
10/9/18,1.57565E+13,5.84577E+12,2.16023E+13,1,2019,1,2018,4,10,9
10/5/18,1.57567E+13,5.84258E+12,2.15993E+13,1,2019,1,2018,4,10,5
10/4/18,1.57571E+13,5.84228E+12,2.15994E+13,1,2019,1,2018,4,10,4
10/3/18,1.57716E+13,5.83375E+12,2.16054E+13,1,2019,1,2018,4,10,3
10/2/18,1.57719E+13,5.84693E+12,2.16188E+13,1,2019,1,2018,4,10,2
10/1/18,1.57713E+13,5.83562E+12,2.16069E+13,1,2019,1,2018,4,10,1
9/28/18,1.57612E+13,5.7549E+12,2.15161E+13,1,2018,4,2018,3,9,28
9/27/18,1.57329E+13,5.69898E+12,2.14319E+13,1,2018,4,2018,3,9,27
9/26/18,1.57611E+13,5.70997E+12,2.14711E+13,1,2018,4,2018,3,9,26
9/25/18,1.57615E+13,5.72129E+12,2.14828E+13,1,2018,4,2018,3,9,25
9/24/18,1.57612E+13,5.71436E+12,2.14755E+13,1,2018,4,2018,3,9,24
9/21/18,1.57611E+13,5.70567E+12,2.14667E+13,1,2018,4,2018,3,9,21
9/20/18,1.57604E+13,5.70705E+12,2.14675E+13,1,2018,4,2018,3,9,20
9/19/18,1.5793E+13,5.70125E+12,2.14943E+13,1,2018,4,2018,3,9,19
9/18/18,1.57931E+13,5.70605E+12,2.14992E+13,1,2018,4,2018,3,9,18
9/17/18,1.5792E+13,5.6989E+12,2.14909E+13,1,2018,4,2018,3,9,17
9/14/18,1.5743E+13,5.68924E+12,2.14322E+13,1,2018,4,2018,3,9,14
9/13/18,1.57432E+13,5.68938E+12,2.14325E+13,1,2018,4,2018,3,9,13
9/12/18,1.57646E+13,5.68613E+12,2.14508E+13,1,2018,4,2018,3,9,12
9/11/18,1.57659E+13,5.70032E+12,2.14662E+13,1,2018,4,2018,3,9,11
9/10/18,1.57661E+13,5.69367E+12,2.14598E+13,1,2018,4,2018,3,9,10
9/7/18,1.57665E+13,5.69001E+12,2.14565E+13,1,2018,4,2018,3,9,7
9/6/18,1.57667E+13,5.6879E+12,2.14546E+13,1,2018,4,2018,3,9,6
9/5/18,1.57846E+13,5.68643E+12,2.14711E+13,1,2018,4,2018,3,9,5
9/4/18,1.57842E+13,5.67113E+12,2.14553E+13,1,2018,4,2018,3,9,4
8/31/18,1.57854E+13,5.67346E+12,2.14588E+13,1,2018,4,2018,3,8,31
8/30/18,1.57339E+13,5.70852E+12,2.14425E+13,1,2018,4,2018,3,8,30
8/29/18,1.57294E+13,5.71002E+12,2.14394E+13,1,2018,4,2018,3,8,29
8/28/18,1.57294E+13,5.71236E+12,2.14418E+13,1,2018,4,2018,3,8,28
8/27/18,1.57287E+13,5.70583E+12,2.14345E+13,1,2018,4,2018,3,8,27
8/24/18,1.57287E+13,5.6992E+12,2.14279E+13,1,2018,4,2018,3,8,24
8/23/18,1.57298E+13,5.69817E+12,2.1428E+13,1,2018,4,2018,3,8,23
8/22/18,1.57109E+13,5.69585E+12,2.14068E+13,1,2018,4,2018,3,8,22
8/21/18,1.57097E+13,5.70982E+12,2.14195E+13,1,2018,4,2018,3,8,21
8/20/18,1.57093E+13,5.70431E+12,2.14136E+13,1,2018,4,2018,3,8,20
8/17/18,1.57094E+13,5.70199E+12,2.14114E+13,1,2018,4,2018,3,8,17
8/16/18,1.57099E+13,5.6973E+12,2.14072E+13,1,2018,4,2018,3,8,16
8/15/18,1.56731E+13,5.69923E+12,2.13723E+13,1,2018,4,2018,3,8,15
8/14/18,1.56478E+13,5.70373E+12,2.13516E+13,1,2018,4,2018,3,8,14
8/13/18,1.56477E+13,5.69737E+12,2.13451E+13,1,2018,4,2018,3,8,13
8/10/18,1.56459E+13,5.69437E+12,2.13403E+13,1,2018,4,2018,3,8,10
8/9/18,1.56459E+13,5.69628E+12,2.13422E+13,1,2018,4,2018,3,8,9
8/8/18,1.56041E+13,5.69448E+12,2.12986E+13,1,2018,4,2018,3,8,8
8/7/18,1.56038E+13,5.70612E+12,2.13099E+13,1,2018,4,2018,3,8,7
8/6/18,1.56038E+13,5.70163E+12,2.13054E+13,1,2018,4,2018,3,8,6
8/3/18,1.56035E+13,5.69636E+12,2.12999E+13,1,2018,4,2018,3,8,3
8/2/18,1.56038E+13,5.7095E+12,2.13133E+13,1,2018,4,2018,3,8,2
8/1/18,1.55666E+13,5.69823E+12,2.12648E+13,1,2018,4,2018,3,8,1
7/31/18,1.55695E+13,5.74357E+12,2.13131E+13,1,2018,4,2018,3,7,31
7/30/18,1.55662E+13,5.73309E+12,2.12993E+13,1,2018,4,2018,3,7,30
7/27/18,1.55658E+13,5.73269E+12,2.12985E+13,1,2018,4,2018,3,7,27
7/26/18,1.55657E+13,5.73292E+12,2.12986E+13,1,2018,4,2018,3,7,26
7/25/18,1.55383E+13,5.7272E+12,2.12655E+13,1,2018,4,2018,3,7,25
7/24/18,1.55366E+13,5.73461E+12,2.12712E+13,1,2018,4,2018,3,7,24
7/23/18,1.55365E+13,5.72735E+12,2.12638E+13,1,2018,4,2018,3,7,23
7/20/18,1.55359E+13,5.72477E+12,2.12607E+13,1,2018,4,2018,3,7,20
7/19/18,1.55357E+13,5.72433E+12,2.126E+13,1,2018,4,2018,3,7,19
7/18/18,1.55127E+13,5.72812E+12,2.12409E+13,1,2018,4,2018,3,7,18
7/17/18,1.55125E+13,5.74291E+12,2.12554E+13,1,2018,4,2018,3,7,17
7/16/18,1.5512E+13,5.73133E+12,2.12434E+13,1,2018,4,2018,3,7,16
7/13/18,1.54842E+13,5.72658E+12,2.12107E+13,1,2018,4,2018,3,7,13
7/12/18,1.54838E+13,5.72735E+12,2.12112E+13,1,2018,4,2018,3,7,12
7/11/18,1.54822E+13,5.72557E+12,2.12078E+13,1,2018,4,2018,3,7,11
7/10/18,1.54818E+13,5.73462E+12,2.12164E+13,1,2018,4,2018,3,7,10
7/9/18,1.54813E+13,5.72685E+12,2.12081E+13,1,2018,4,2018,3,7,9
7/6/18,1.54803E+13,5.72561E+12,2.1206E+13,1,2018,4,2018,3,7,6
7/5/18,1.54803E+13,5.72244E+12,2.12028E+13,1,2018,4,2018,3,7,5
7/3/18,1.54798E+13,5.72114E+12,2.12009E+13,1,2018,4,2018,3,7,3
7/2/18,1.5478E+13,5.72824E+12,2.12063E+13,1,2018,4,2018,3,7,2
6/29/18,1.54666E+13,5.72851E+12,2.11951E+13,1,2018,3,2018,2,6,29
6/28/18,1.54453E+13,5.68365E+12,2.1129E+13,1,2018,3,2018,2,6,28
6/27/18,1.54499E+13,5.68259E+12,2.11325E+13,1,2018,3,2018,2,6,27
6/26/18,1.545E+13,5.69968E+12,2.11497E+13,1,2018,3,2018,2,6,26
6/25/18,1.54498E+13,5.69026E+12,2.11401E+13,1,2018,3,2018,2,6,25
6/22/18,1.54495E+13,5.68109E+12,2.11306E+13,1,2018,3,2018,2,6,22
6/21/18,1.54503E+13,5.68051E+12,2.11308E+13,1,2018,3,2018,2,6,21
6/20/18,1.5454E+13,5.68021E+12,2.11342E+13,1,2018,3,2018,2,6,20
6/19/18,1.54539E+13,5.69192E+12,2.11458E+13,1,2018,3,2018,2,6,19
6/18/18,1.54533E+13,5.67826E+12,2.11316E+13,1,2018,3,2018,2,6,18
6/15/18,1.54528E+13,5.67108E+12,2.11239E+13,1,2018,3,2018,2,6,15
6/14/18,1.54113E+13,5.66952E+12,2.10808E+13,1,2018,3,2018,2,6,14
6/13/18,1.54209E+13,5.6659E+12,2.10868E+13,1,2018,3,2018,2,6,13
6/12/18,1.54204E+13,5.67911E+12,2.10995E+13,1,2018,3,2018,2,6,12
6/11/18,1.54201E+13,5.67283E+12,2.10929E+13,1,2018,3,2018,2,6,11
6/8/18,1.54196E+13,5.66954E+12,2.10891E+13,1,2018,3,2018,2,6,8
6/7/18,1.54191E+13,5.68101E+12,2.11001E+13,1,2018,3,2018,2,6,7
6/6/18,1.54259E+13,5.67647E+12,2.11024E+13,1,2018,3,2018,2,6,6
6/5/18,1.54258E+13,5.67553E+12,2.11014E+13,1,2018,3,2018,2,6,5
6/4/18,1.54253E+13,5.6655E+12,2.10908E+13,1,2018,3,2018,2,6,4
6/1/18,1.54248E+13,5.65835E+12,2.10831E+13,1,2018,3,2018,2,6,1
5/31/18,1.54269E+13,5.7183E+12,2.11452E+13,1,2018,3,2018,2,5,31
5/30/18,1.53988E+13,5.70694E+12,2.11057E+13,1,2018,3,2018,2,5,30
5/29/18,1.53984E+13,5.70468E+12,2.11031E+13,1,2018,3,2018,2,5,29
5/25/18,1.53976E+13,5.70256E+12,2.11001E+13,1,2018,3,2018,2,5,25
5/24/18,1.53816E+13,5.70489E+12,2.10865E+13,1,2018,3,2018,2,5,24
5/23/18,1.53726E+13,5.71035E+12,2.1083E+13,1,2018,3,2018,2,5,23
5/22/18,1.53726E+13,5.72207E+12,2.10946E+13,1,2018,3,2018,2,5,22
5/21/18,1.53724E+13,5.7135E+12,2.10859E+13,1,2018,3,2018,2,5,21
5/18/18,1.53722E+13,5.70844E+12,2.10807E+13,1,2018,3,2018,2,5,18
5/17/18,1.5372E+13,5.70887E+12,2.10809E+13,1,2018,3,2018,2,5,17
5/16/18,1.53659E+13,5.70807E+12,2.1074E+13,1,2018,3,2018,2,5,16
5/15/18,1.53655E+13,5.72027E+12,2.10858E+13,1,2018,3,2018,2,5,15
5/14/18,1.53416E+13,5.71274E+12,2.10543E+13,1,2018,3,2018,2,5,14
5/11/18,1.53409E+13,5.70976E+12,2.10506E+13,1,2018,3,2018,2,5,11
5/10/18,1.53405E+13,5.71028E+12,2.10508E+13,1,2018,3,2018,2,5,10
5/9/18,1.53335E+13,5.70747E+12,2.1041E+13,1,2018,3,2018,2,5,9
5/8/18,1.53331E+13,5.72166E+12,2.10548E+13,1,2018,3,2018,2,5,8
5/7/18,1.53321E+13,5.71203E+12,2.10442E+13,1,2018,3,2018,2,5,7
5/4/18,1.53315E+13,5.70648E+12,2.1038E+13,1,2018,3,2018,2,5,4
5/3/18,1.53312E+13,5.70252E+12,2.10337E+13,1,2018,3,2018,2,5,3
5/2/18,1.53339E+13,5.71142E+12,2.10453E+13,1,2018,3,2018,2,5,2
5/1/18,1.53338E+13,5.69679E+12,2.10306E+13,1,2018,3,2018,2,5,1
4/30/18,1.53351E+13,5.73307E+12,2.10682E+13,1,2018,3,2018,2,4,30
4/27/18,1.53353E+13,5.71805E+12,2.10534E+13,1,2018,3,2018,2,4,27
4/26/18,1.53352E+13,5.72029E+12,2.10555E+13,1,2018,3,2018,2,4,26
4/25/18,1.53432E+13,5.71643E+12,2.10596E+13,1,2018,3,2018,2,4,25
4/24/18,1.5342E+13,5.72044E+12,2.10624E+13,1,2018,3,2018,2,4,24
4/23/18,1.53416E+13,5.70171E+12,2.10433E+13,1,2018,3,2018,2,4,23
4/20/18,1.53419E+13,5.69675E+12,2.10387E+13,1,2018,3,2018,2,4,20
4/19/18,1.53417E+13,5.69377E+12,2.10355E+13,1,2018,3,2018,2,4,19
4/18/18,1.53835E+13,5.6963E+12,2.10798E+13,1,2018,3,2018,2,4,18
4/17/18,1.53828E+13,5.69547E+12,2.10783E+13,1,2018,3,2018,2,4,17
4/16/18,1.53825E+13,5.68845E+12,2.1071E+13,1,2018,3,2018,2,4,16
4/13/18,1.53964E+13,5.66706E+12,2.10634E+13,1,2018,3,2018,2,4,13
4/12/18,1.53961E+13,5.66637E+12,2.10625E+13,1,2018,3,2018,2,4,12
4/11/18,1.54578E+13,5.66407E+12,2.11218E+13,1,2018,3,2018,2,4,11
4/10/18,1.54578E+13,5.67698E+12,2.11348E+13,1,2018,3,2018,2,4,10
4/9/18,1.54575E+13,5.66943E+12,2.1127E+13,1,2018,3,2018,2,4,9
4/6/18,1.54569E+13,5.66344E+12,2.11203E+13,1,2018,3,2018,2,4,6
4/5/18,1.54566E+13,5.66394E+12,2.11205E+13,1,2018,3,2018,2,4,5
4/4/18,1.54586E+13,5.65953E+12,2.11182E+13,1,2018,3,2018,2,4,4
4/3/18,1.54582E+13,5.65879E+12,2.1117E+13,1,2018,3,2018,2,4,3
4/2/18,1.54572E+13,5.66218E+12,2.11194E+13,1,2018,3,2018,2,4,2
3/30/18,1.5428E+13,5.66163E+12,2.10896E+13,1,2018,2,2018,1,3,30
3/29/18,1.54283E+13,5.68532E+12,2.11136E+13,1,2018,2,2018,1,3,29
3/28/18,1.53913E+13,5.67979E+12,2.10711E+13,1,2018,2,2018,1,3,28
3/27/18,1.53908E+13,5.69417E+12,2.1085E+13,1,2018,2,2018,1,3,27
3/26/18,1.53902E+13,5.68779E+12,2.1078E+13,1,2018,2,2018,1,3,26
3/23/18,1.53897E+13,5.67923E+12,2.10689E+13,1,2018,2,2018,1,3,23
3/22/18,1.53892E+13,5.67592E+12,2.10652E+13,1,2018,2,2018,1,3,22
3/21/18,1.53591E+13,5.67357E+12,2.10327E+13,1,2018,2,2018,1,3,21
3/20/18,1.53588E+13,5.69163E+12,2.10504E+13,1,2018,2,2018,1,3,20
3/19/18,1.53582E+13,5.68624E+12,2.10444E+13,1,2018,2,2018,1,3,19
3/16/18,1.53575E+13,5.67664E+12,2.10341E+13,1,2018,2,2018,1,3,16
3/15/18,1.53564E+13,5.6747E+12,2.10311E+13,1,2018,2,2018,1,3,15
3/14/18,1.52852E+13,5.67302E+12,2.09582E+13,1,2018,2,2018,1,3,14
3/13/18,1.52853E+13,5.68754E+12,2.09728E+13,1,2018,2,2018,1,3,13
3/12/18,1.52848E+13,5.67738E+12,2.09622E+13,1,2018,2,2018,1,3,12
3/9/18,1.52831E+13,5.67389E+12,2.0957E+13,1,2018,2,2018,1,3,9
3/8/18,1.52828E+13,5.67448E+12,2.09573E+13,1,2018,2,2018,1,3,8
3/7/18,1.52093E+13,5.67059E+12,2.08799E+13,1,2018,2,2018,1,3,7
3/6/18,1.52088E+13,5.67001E+12,2.08788E+13,1,2018,2,2018,1,3,6
3/5/18,1.52084E+13,5.66435E+12,2.08728E+13,1,2018,2,2018,1,3,5
